{"type":"FeatureCollection","features":[{"type":"Feature","id":"relation/96905","properties":{"hasc":"IN.TN","fips":"IN25","name":"Tamil Nadu","iso3166-2":"IN-TN","hc-group":"admin1","hc-key":"in-tn","hc-a2":"TN","hc-middle-lon":78.289,"hc-middle-lat":10.821},"geometry":{"type":"MultiPolygon","coordinates":[[[[77.09695520955209,8.29521810410696],[77.245978699787,8.603857619488403],[77.14692190921909,9.02198657189064],[77.39295676956769,9.459082198422461],[77.1700059400594,9.609953469907802],[77.2880559205592,10.23211785612831],[77.1770188101881,10.357987602624654],[76.8290051300513,10.307984552646655],[76.90789991899919,10.776978676578233],[76.82608310083101,10.872961542627955],[76.65602100021,10.93877015438061],[76.69809822098222,11.239937949650399],[76.23291116911169,11.568981008413669],[76.4310247502475,11.665825996014737],[76.85413458134582,11.615822946036738],[76.85092034920349,11.620995675344806],[76.83601800018,11.654905789697704],[76.9070233102331,11.796006350267804],[77.4280211202112,11.760946740513116],[77.67610140101401,11.952050351061215],[77.7310355503555,12.180225188317143],[77.47214376143762,12.207813077960179],[77.61386217862179,12.3621328356509],[77.59808322083221,12.66789861252786],[77.76493108931089,12.702096100731204],[77.76493108931089,12.70295822228255],[77.76493108931089,12.702096100731204],[77.76493108931089,12.70295822228255],[77.76902193021931,12.713016307048239],[77.7739893798938,12.723936513365274],[77.80613170131701,12.79405573287465],[77.92505829058291,12.890900720475718],[78.2309947499475,12.7610077400731],[78.50391227912279,12.715027924001376],[78.62108565085651,12.990906820431718],[78.8130629706297,13.088901303434579],[79.16312207122071,13.019931579326993],[79.44013044130442,13.236036714864092],[79.6949313893139,13.268797333815197],[79.6949313893139,13.266785716862058],[79.94593369933699,13.38116050934047],[80.11687240872409,13.50415651733233],[80.14989133891339,13.493811058716194],[80.17414418144182,13.489787824809916],[80.19810482104822,13.488925703258573],[80.20891632916329,13.488063581707227],[80.21388377883778,13.488063581707227],[80.23988983889839,13.475131758437055],[80.24105865058651,13.47398226303526],[80.2419352593526,13.473120141483918],[80.3450828908289,13.31793826224185],[80.156027600276,12.47507075887707],[79.8740517805178,12.041998366251525],[79.85885722857229,12.008950373449974],[79.8410328503285,11.958085201920628],[79.7229828698287,11.88997759936439],[79.8080139201392,11.835951315480113],[79.80713731137311,11.831928081573839],[79.7919427594276,11.785086143950771],[79.7519109591096,11.57702747622622],[79.85009114091142,10.994233307517128],[79.7580472204722,10.896813572215162],[79.7609692496925,10.901124179971887],[79.76213806138061,10.901124179971887],[79.7609692496925,10.901124179971887],[79.76213806138061,10.901124179971887],[79.7630146701467,10.900262058420541],[79.7580472204722,10.896813572215162],[79.846000300003,10.828131221958026],[79.8509677496775,10.28212090610631],[79.3980532205322,10.324939609823103],[78.8989706297063,9.472876143243976],[79.04507209072091,9.3110846654416],[78.4229720697207,9.116245194837672],[78.16787891878919,8.876862777414262],[78.0539197791978,8.367061566719029],[77.55191515915159,8.081124585522998],[77.09695520955209,8.29521810410696]]],[[[77.55191515915159,8.081124585522998],[77.55191515915159,8.081124585522998],[77.55191515915159,8.081124585522998],[77.55191515915159,8.081124585522998]]],[[[80.26209726097261,13.552147950357192],[80.26209726097261,13.552147950357192],[80.2679413194132,13.56393027822557],[80.26209726097261,13.552147950357192]]]]}},{"type":"Feature","id":"relation/107001","properties":{"hasc":"IN.PY","fips":"IN22","hc-middle-lon":79.82,"hc-middle-lat":11.94,"name":"Puducherry","iso3166-2":"IN-PY","hc-group":"admin1","hc-key":"in-py","hc-a2":"PU"},"geometry":{"type":"MultiPolygon","coordinates":[[[[75.536007200072,11.69197701640553],[75.536007200072,11.69197701640553],[75.53103975039751,11.704046718124356],[75.536007200072,11.69197701640553]]],[[[79.8080139201392,11.835951315480113],[79.7229828698287,11.88997759936439],[79.8410328503285,11.958085201920628],[79.8080139201392,11.835951315480113]]],[[[79.7919427594276,11.785086143950771],[79.7919427594276,11.785086143950771],[79.80713731137311,11.831928081573839],[79.7919427594276,11.785086143950771]]],[[[79.7580472204722,10.896813572215162],[79.85009114091142,10.994233307517128],[79.846000300003,10.828131221958026],[79.7580472204722,10.896813572215162],[79.7630146701467,10.900262058420541],[79.76213806138061,10.901124179971887],[79.7609692496925,10.901124179971887],[79.76213806138061,10.901124179971887],[79.7609692496925,10.901124179971887],[79.7580472204722,10.896813572215162]]],[[[79.85885722857229,12.008950373449974],[79.85885722857229,12.008950373449974],[79.8740517805178,12.041998366251525],[79.85885722857229,12.008950373449974]]],[[[82.21605820058201,16.752055775098697],[82.2148893888939,16.752055775098697],[82.21605820058201,16.752055775098697],[82.2148893888939,16.752055775098697],[82.20495448954489,16.7348133440718],[82.20086364863648,16.7348133440718],[82.20086364863648,16.733951222520453],[82.20086364863648,16.7348133440718],[82.20086364863648,16.733951222520453],[82.1999870398704,16.7348133440718],[82.21605820058201,16.752055775098697]]]]}},{"type":"Feature","id":"relation/364186","properties":{"hasc":"IN.HP","fips":"IN11","name":"Himachal Pradesh","iso3166-2":"IN-HP","hc-group":"admin1","hc-key":"in-hp","hc-a2":"HP","hc-middle-lon":77.303,"hc-middle-lat":31.816},"geometry":{"type":"Polygon","coordinates":[[[76.77786961869619,30.898895684966206],[76.6110217502175,31.25092865176534],[76.37112315123152,31.407834774110096],[76.21508679086791,31.2989200847902],[75.90710491104912,31.951833473008673],[75.60087624876249,32.09293403357877],[75.6169474094741,32.236046211102014],[75.93690960909609,32.39783768890439],[75.8320087600876,32.51020086442966],[75.9228838688387,32.7449853002459],[75.95005874058741,32.87286666369538],[76.40414208142082,33.184954665282206],[76.7720255602556,33.25018852933396],[76.9280619206192,33.03293389839507],[77.37191815918159,32.82286361371738],[77.7310355503555,32.97402225905317],[78.01593339933399,32.6199776753009],[78.38790771907719,32.75504338501159],[78.3949205892059,32.53089178166194],[78.77010914109141,31.9311425557764],[78.8828994689947,31.28598826152003],[78.8130629706297,31.19805186328286],[78.3169024090241,31.281102906062408],[77.79911883118831,31.032811899275103],[77.70386067860679,30.764979470657313],[77.8189886298863,30.508067248356557],[77.5749991899919,30.39800306363487],[77.58493408934089,30.379036389505284],[77.2220180601806,30.47588137710635],[77.1609476494765,30.689974895690312],[76.77786961869619,30.898895684966206]]]}},{"type":"Feature","id":"relation/1791324","properties":{"hasc":"IN.SK","fips":"IN29","name":"Sikkim","iso3166-2":"IN-SK","hc-group":"admin1","hc-key":"in-sk","hc-a2":"SI","hc-middle-lon":88.466,"hc-middle-lat":27.601},"geometry":{"type":"Polygon","coordinates":[[[88.0139485794858,27.213038679116675],[88.2070947109471,27.9412440161526],[88.6331265712657,28.123151663486354],[88.83708421084211,28.01394960031601],[88.76286466864669,27.565933767467154],[88.9209464494645,27.327988219295985],[88.74591689916899,27.144068955009093],[88.15888122881229,27.11274520531023],[88.07794101941019,27.17309371390437],[88.0139485794858,27.213038679116675]]]}},{"type":"Feature","id":"relation/1942586","properties":{"hasc":"IN.DL","fips":"IN07","name":"Delhi","iso3166-2":"IN-DL","hc-group":"admin1","hc-key":"in-dl","hc-a2":"DE","hc-middle-lon":77.092,"hc-middle-lat":28.644},"geometry":{"type":"Polygon","coordinates":[[[77.3450354903549,28.516853838600486],[77.17409678096782,28.405065410776107],[76.83894002940029,28.583237198054036],[76.94208766087661,28.79876758589024],[77.2100377403774,28.857966599082584],[77.3450354903549,28.516853838600486]]]}},{"type":"Feature","id":"relation/1942587","properties":{"hasc":"IN.UP","fips":"IN36","name":"Uttar Pradesh","iso3166-2":"IN-UP","hc-group":"admin1","hc-key":"in-up","hc-a2":"UP","hc-middle-lon":80.859,"hc-middle-lat":27.139},"geometry":{"type":"MultiPolygon","coordinates":[[[[77.2100377403774,28.857966599082584],[77.22786211862119,28.893026208837274],[77.08497488974889,29.59220678697792],[77.2150051900519,29.922111967292533],[77.58493408934089,30.379036389505284],[77.5749991899919,30.39800306363487],[77.94609690096901,30.23305047347756],[77.7140877808778,29.868947804959603],[77.9721029610296,29.57984971140864],[78.33209696096961,29.79595484694574],[78.92088584885849,29.43386379538092],[78.8080955209552,29.237012707823855],[78.82913413134132,29.236150586272508],[78.8379002190022,29.241898063281475],[78.87413338133382,29.230115735413094],[78.89604860048601,29.193044508705267],[79.42493588935889,28.866013066895135],[80.06486028860289,28.839862046504344],[80.5218656586566,28.576914973344174],[81.2108801488015,28.361097211657523],[81.31987183871838,28.19700674305156],[81.8990180301803,27.85416973946677],[82.0699567395674,27.9240015851257],[82.4729045690457,27.67599795218884],[82.70812792127921,27.721977768260565],[82.7350105901059,27.502136772667637],[83.3910061500615,27.480008986183122],[83.85590099900999,27.35212762273364],[84.04407968079681,26.94118301659261],[84.42014484144842,26.625933902650857],[84.0870335103351,26.63886572592103],[83.9070365103651,26.518743456433654],[84.1770320103201,26.369883801901448],[84.0098919389194,26.173894835895727],[84.6241024810248,25.792262362500423],[84.20508349083491,25.670128476059908],[83.35594179941799,25.196823744371603],[83.5020432604326,24.526093177425338],[83.3988956289563,24.493045184623785],[83.32789031890319,24.102216748014136],[83.1420492604926,23.886111612477038],[82.8130287702877,23.959966692042244],[82.8080613206132,23.986117712433035],[82.69088794887949,24.104228364967277],[82.68007644076441,24.113999075882518],[82.7589712297123,24.373785036687753],[82.7309197491975,24.452812845561027],[82.74290006900068,24.4990800354832],[82.72098484984849,24.554830562470165],[82.74290006900068,24.550807328563888],[82.7519583595836,24.546784094657614],[82.80689250892509,24.54879571161075],[82.80513929139292,24.570061376543922],[82.80192505925059,24.582993199814094],[82.77913323133231,24.61402957566251],[82.7180628206282,24.641042717604645],[82.7180628206282,24.64190483915599],[82.46910593105932,24.674952831957544],[82.4109575495755,24.665182121042303],[82.3040112801128,24.60713260325175],[82.2969984099841,24.665182121042303],[82.2549211892119,24.751969023877678],[82.21313617136171,24.772947314960405],[82.1970650106501,24.814903897125852],[82.20086364863648,24.818065009480783],[82.2029090690907,24.818927131032126],[82.20086364863648,24.818065009480783],[82.1970650106501,24.814903897125852],[81.915965799658,24.93301454966009],[81.9031088710887,24.984167095039883],[81.88791431914319,24.997098918310055],[81.6009710497105,25.074115110230192],[81.6319445594456,25.09595552286426],[81.63311337113372,25.09595552286426],[81.6319445594456,25.09595552286426],[81.63311337113372,25.09595552286426],[81.63311337113372,25.10400199067681],[81.60886052860529,25.11204845848936],[81.53990063900639,25.185041416503225],[81.53990063900639,25.181018182596947],[81.5138945789458,25.181880304148294],[81.5130179701797,25.176994948690673],[81.5010376503765,25.09595552286426],[81.43792181921819,25.129865637217158],[81.3619490594906,25.158028274561087],[81.31490438904389,25.15917776996288],[81.21204896048961,24.945946372930262],[81.02796111961119,24.943934755977125],[80.99611100111001,24.92812919420247],[80.96513749137492,24.928991315753816],[80.8380292202922,24.92812919420247],[80.83890582905829,25.17900656564381],[80.8380292202922,25.17900656564381],[80.83890582905829,25.17900656564381],[80.8380292202922,25.17900656564381],[80.83890582905829,25.144809077440467],[80.83890582905829,25.14394695588912],[80.83890582905829,25.144809077440467],[80.83890582905829,25.14394695588912],[80.83013974139742,25.101990373723673],[80.8289709297093,25.104864112228157],[80.82692550925509,25.115209570844293],[80.82604890048901,25.12095704785326],[80.73488158881588,25.133888871123432],[80.72085584855849,25.13590048807657],[80.7199792397924,25.13590048807657],[80.72085584855849,25.13590048807657],[80.72085584855849,25.13791210502971],[80.7199792397924,25.13590048807657],[80.7880625206252,25.062045408511363],[80.67994743947439,25.048826211390743],[80.6729345693457,25.081874204192296],[80.64312987129871,25.087909055051707],[80.64108445084452,25.087909055051707],[80.64108445084452,25.089920672004848],[80.63991563915638,25.091070167406638],[80.64108445084452,25.089920672004848],[80.64108445084452,25.087909055051707],[80.6369936099361,25.118945430900123],[80.5969618096181,25.14078584353419],[80.59287096870969,25.10285249527502],[80.5990072300723,25.080149961089607],[80.6089421294213,25.079000465687812],[80.6080655206552,25.067218137819435],[80.6080655206552,25.068080259370777],[80.6080655206552,25.067218137819435],[80.6080655206552,25.068080259370777],[80.5998838388384,25.074115110230192],[80.596085200852,25.076988848734675],[80.565988299883,25.072965614828398],[80.49585959859598,25.0979671398174],[80.49410638106382,25.098829261368742],[80.4929375693757,25.098829261368742],[80.49410638106382,25.098829261368742],[80.4929375693757,25.098829261368742],[80.4900155401554,25.0979671398174],[80.4879701197012,25.0979671398174],[80.4800806408064,25.09595552286426],[80.506086700867,25.081874204192296],[80.5040412804128,25.05284944529702],[80.4429708697087,24.995087301356918],[80.44910713107132,25.03991762202685],[80.45086034860348,25.07612672718333],[80.43595799958,25.068080259370777],[80.4350813908139,25.068080259370777],[80.43595799958,25.068080259370777],[80.4350813908139,25.068080259370777],[80.41696480964809,25.072103493277055],[80.4140427804278,25.05773480075464],[80.4140427804278,25.056872679203295],[80.4140427804278,25.05773480075464],[80.4140427804278,25.056872679203295],[80.40907533075331,25.056010557651952],[80.40089364893649,25.068080259370777],[80.3781018210182,25.04106711742864],[80.35209576095761,25.017215087841436],[80.31907683076831,25.002846395319022],[80.30592769927699,25.008881246178433],[80.29394737947379,25.056872679203295],[80.3120639606396,25.045090351334917],[80.3129405694057,25.045090351334917],[80.31410938109381,25.04595247288626],[80.3129405694057,25.045090351334917],[80.31410938109381,25.04595247288626],[80.32813512135121,25.048826211390743],[80.3339791797918,25.054861062250158],[80.35092694926949,25.089920672004848],[80.3699201392014,25.118083309348776],[80.28488908889089,25.415802618413185],[80.2270329103291,25.399134935087186],[80.02395187951879,25.327866220176016],[80.02307527075271,25.32700409862467],[80.02307527075271,25.32585460322288],[80.02307527075271,25.32700409862467],[80.02307527075271,25.32585460322288],[80.0189844298443,25.3218313693166],[79.8988890288903,25.24079194349019],[79.89596699967,25.24194143889198],[79.8889541295413,25.24424042969557],[79.8790192301923,25.251137402106327],[79.86090264902649,25.22211264321105],[79.8620714607146,25.20918081994088],[79.8670389103891,25.149981806748535],[79.8781426214262,25.144809077440467],[79.8790192301923,25.14394695588912],[79.8790192301923,25.14279746048733],[79.8790192301923,25.14394695588912],[79.87989583895839,25.141935338935983],[79.88106465064651,25.141935338935983],[79.87989583895839,25.141935338935983],[79.8790192301923,25.14279746048733],[79.87200636006361,25.141935338935983],[79.6730161701617,25.12095704785326],[79.5999654396544,25.12814139411447],[79.6069783097831,25.14883231134674],[79.57688140881409,25.162051508467364],[79.57688140881409,25.163201003869155],[79.576004800048,25.166936863924985],[79.4439290792908,25.10400199067681],[79.4410070500705,25.10285249527502],[79.44013044130442,25.101990373723673],[79.4389616296163,25.101990373723673],[79.44013044130442,25.101990373723673],[79.4389616296163,25.101990373723673],[79.41704641046411,25.13302674957209],[79.44714331143311,25.24424042969557],[79.45912363123631,25.253149019059464],[79.4719805598056,25.262057608423362],[79.476071400714,25.2640692253765],[79.4079881198812,25.270966197787256],[79.3580214202142,25.27700104864667],[79.346041100411,25.305163685990603],[79.30513269132692,25.177857070242016],[79.2870161101611,25.13101513261895],[79.27386697866979,25.122106543255054],[79.2729903699037,25.122106543255054],[79.2680229202292,25.13791210502971],[79.126012300123,25.120094926301917],[79.0740001800018,25.172971714784396],[79.0669873098731,25.14883231134674],[79.0550069900699,25.139923721982846],[79.0479941199412,25.133888871123432],[79.0380592205922,25.242803560443328],[79.01906603066031,25.249987906704533],[79.00708571085711,25.212916679996706],[78.81686160861608,25.308037424495083],[78.8469585095851,25.33188945408229],[78.9410478504785,25.493968305735116],[78.60910533105331,25.415802618413185],[78.6450462904629,24.99997265681454],[78.63189715897158,24.96088981315357],[78.6520591605916,24.939049400519504],[78.7470251102511,24.651100802370337],[78.7479017190172,24.651100802370337],[78.7470251102511,24.651100802370337],[78.7479017190172,24.651100802370337],[78.7499471394714,24.647939690015406],[78.7519925599256,24.635869988296577],[78.80108265082652,24.596787144635613],[78.9100743407434,24.60195987394368],[78.9229312693127,24.5740846104502],[78.9480607206072,24.543048234601788],[78.97114475144751,24.49390730617513],[78.9191326313263,24.495056801576926],[78.9179638196382,24.49390730617513],[78.9179638196382,24.493045184623785],[78.78910233102332,24.17693394913069],[78.56089184891849,24.356829979511307],[78.39813482134821,24.27004307667593],[78.1690477304773,24.86979230256147],[78.44488728887289,25.12095704785326],[78.37212876128761,25.260045991470225],[78.34086304863048,25.29223186272043],[78.33414238142382,25.293093984271774],[78.3288827288273,25.29711721817805],[78.3250840908409,25.35315511901546],[78.3049220892209,25.360052091426223],[78.46592589925899,25.548856711170735],[78.46914013140132,25.552879945077013],[78.50011364113641,25.575007731561527],[78.50712651126511,25.572133993057047],[78.5088797287973,25.572133993057047],[78.52290546905469,25.56811075915077],[78.5269963099631,25.567248637599427],[78.52787291872919,25.567248637599427],[78.5269963099631,25.567248637599427],[78.52787291872919,25.567248637599427],[78.81014094140941,25.618975930680115],[78.8469585095851,25.81783863519032],[78.846081900819,25.812091158181353],[78.846081900819,25.81094166277956],[78.846081900819,25.812091158181353],[78.846081900819,25.81094166277956],[78.8449130891309,25.805194185770596],[78.8449130891309,25.8040446903688],[78.846081900819,25.8040446903688],[78.84812732127321,25.803182568817455],[78.8469585095851,25.803182568817455],[78.846081900819,25.8040446903688],[78.8449130891309,25.8040446903688],[78.8469585095851,25.803182568817455],[78.84812732127321,25.803182568817455],[78.8469585095851,25.803182568817455],[78.8729645696457,25.827034598404662],[78.9319895598956,25.95893919576042],[78.94513869138692,26.006068507233937],[79.0050402904029,26.169009480438106],[79.00387147871479,26.169009480438106],[79.0050402904029,26.169009480438106],[79.00387147871479,26.169009480438106],[79.0009494494945,26.1701589758399],[79.03513719137192,26.225909502826863],[79.0669873098731,26.246887793909586],[79.126012300123,26.325053481231517],[79.1379926199262,26.33798530450169],[79.13711601116012,26.33798530450169],[79.1379926199262,26.33798530450169],[79.13711601116012,26.33798530450169],[79.09708421084211,26.35494036167814],[79.095915399154,26.373907035807722],[79.05705241052411,26.452934844681],[78.98312507125071,26.67708644803065],[78.72510989109891,26.79720871751803],[78.2219364593646,26.82996933646913],[77.77486598865988,26.93198705337827],[77.5209416494165,27.10297449439499],[77.67990003900039,27.194934126538435],[77.3409446494465,27.52483930685305],[77.2839650796508,27.802155072535633],[77.546071100711,27.957911699478597],[77.50487048870488,28.370005801021417],[77.3450354903549,28.516853838600486],[77.2100377403774,28.857966599082584]]],[[[79.40594269942699,25.067218137819435],[79.3650342903429,25.14394695588912],[79.40594269942699,25.076988848734675],[79.40594269942699,25.067218137819435]]]]}},{"type":"Feature","id":"relation/1942601","properties":{"hasc":"IN.HR","fips":"IN10","name":"Haryana","iso3166-2":"IN-HR","hc-group":"admin1","hc-key":"in-hr","hc-a2":"HA","hc-middle-lon":76.038,"hc-middle-lat":29.291},"geometry":{"type":"MultiPolygon","coordinates":[[[[77.2839650796508,27.802155072535633],[76.8900755407554,27.695826747869773],[76.97013914139141,28.13895722526101],[76.83894002940029,28.21999665108742],[76.5449838898389,27.963084428786665],[76.4739785797858,28.14987743157804],[76.1800224402244,28.05504406093011],[76.225898298983,27.832904074533598],[75.9719739597396,27.852158122513632],[76.0689853298533,28.165970367203144],[75.5620132601326,28.612836704650206],[75.3411078510785,29.28098090694244],[75.0749109891099,29.230115735413094],[74.8499147391474,29.40426428878475],[74.6070941109411,29.354835986507645],[74.52586169861699,29.941940762973463],[74.80608430084301,29.992805934502808],[75.2429276692767,29.7528487693785],[75.23708361083611,29.546226970906194],[75.4650018900189,29.806012931711432],[75.9839542795428,29.726985122838155],[76.24313827138272,29.851992747783154],[76.225898298983,30.05890192010591],[76.5099195391954,30.070971621824736],[76.8810172501725,30.410072765353696],[76.82988173881739,30.681066306326418],[76.8319271592716,30.683077923279555],[76.84010884108841,30.759806741349244],[76.77786961869619,30.898895684966206],[77.1609476494765,30.689974895690312],[77.2220180601806,30.47588137710635],[77.58493408934089,30.379036389505284],[77.2150051900519,29.922111967292533],[77.08497488974889,29.59220678697792],[77.22786211862119,28.893026208837274],[77.2100377403774,28.857966599082584],[76.94208766087661,28.79876758589024],[76.83894002940029,28.583237198054036],[77.17409678096782,28.405065410776107],[77.3450354903549,28.516853838600486],[77.50487048870488,28.370005801021417],[77.546071100711,27.957911699478597],[77.2839650796508,27.802155072535633]]]]}},{"type":"Feature","id":"relation/1942686","properties":{"hasc":"IN.PB","fips":"IN23","name":"Punjab","iso3166-2":"IN-PB","hc-group":"admin1","hc-key":"in-pb","hc-a2":"PN","hc-middle-lon":75.409,"hc-middle-lat":31.027},"geometry":{"type":"Polygon","coordinates":[[[73.9730137701377,30.197990863722872],[73.88009324093241,30.35978234152525],[74.31985863858638,30.84688101803507],[74.6889109291093,31.12793264377348],[74.51008274082741,31.131955877679754],[74.6529699696997,31.45381459018182],[74.4869987099871,31.715037420239298],[74.92588749887499,32.06707038703843],[75.26104425044251,32.10098050139133],[75.3320495604956,32.327143721694114],[75.8320087600876,32.51020086442966],[75.93690960909609,32.39783768890439],[75.6169474094741,32.236046211102014],[75.60087624876249,32.09293403357877],[75.90710491104912,31.951833473008673],[76.21508679086791,31.2989200847902],[76.37112315123152,31.407834774110096],[76.6110217502175,31.25092865176534],[76.77786961869619,30.898895684966206],[76.84010884108841,30.759806741349244],[76.82988173881739,30.681066306326418],[76.8319271592716,30.683077923279555],[76.82988173881739,30.681066306326418],[76.8810172501725,30.410072765353696],[76.5099195391954,30.070971621824736],[76.225898298983,30.05890192010591],[76.24313827138272,29.851992747783154],[75.9839542795428,29.726985122838155],[75.4650018900189,29.806012931711432],[75.23708361083611,29.546226970906194],[75.2429276692767,29.7528487693785],[74.80608430084301,29.992805934502808],[74.52586169861699,29.941940762973463],[73.89411898118982,29.97412663422367],[73.9730137701377,30.197990863722872]]]}},{"type":"Feature","id":"relation/1942809","properties":{"hasc":"IN.CH","fips":"IN05","name":"Chandigarh","iso3166-2":"IN-CH","hc-group":"admin1","hc-key":"in-ch","hc-a2":"CH","hc-middle-lon":76.777,"hc-middle-lat":30.73},"geometry":{"type":"Polygon","coordinates":[[[76.82988173881739,30.681066306326418],[76.84010884108841,30.759806741349244],[76.8319271592716,30.683077923279555],[76.82988173881739,30.681066306326418]]]}},{"type":"Feature","id":"relation/1942920","properties":{"hasc":"IN.RJ","fips":"IN24","name":"Rajasthan","iso3166-2":"IN-RJ","hc-group":"admin1","hc-key":"in-rj","hc-a2":"RA","hc-middle-lon":73.878,"hc-middle-lat":26.629},"geometry":{"type":"MultiPolygon","coordinates":[[[[71.09510719107192,24.690758393732196],[70.88910413104131,25.146820694393604],[70.6649844898449,25.39712331813405],[70.67404278042781,25.67587595306887],[70.26904953049531,25.714096675178492],[70.10103285032851,25.937960904677695],[70.17408358083581,26.55092932768386],[69.50990633906339,26.74375718133465],[69.5870479104791,27.183151798670057],[70.02389127891279,27.561048412009534],[70.37190495904959,28.01193798336287],[70.5630056700567,28.022858189679905],[70.75907383073832,27.721115646709222],[71.8989574295743,27.959923316431734],[72.40388407884079,28.782962024115584],[72.94592049920499,29.02780454469751],[73.28195385953859,29.57180324359609],[73.39708181081811,29.94596399687974],[73.9730137701377,30.197990863722872],[73.89411898118982,29.97412663422367],[74.52586169861699,29.941940762973463],[74.6070941109411,29.354835986507645],[74.8499147391474,29.40426428878475],[75.0749109891099,29.230115735413094],[75.3411078510785,29.28098090694244],[75.5620132601326,28.612836704650206],[76.0689853298533,28.165970367203144],[75.9719739597396,27.852158122513632],[76.225898298983,27.832904074533598],[76.1800224402244,28.05504406093011],[76.4739785797858,28.14987743157804],[76.5449838898389,27.963084428786665],[76.83894002940029,28.21999665108742],[76.97013914139141,28.13895722526101],[76.8900755407554,27.695826747869773],[77.2839650796508,27.802155072535633],[77.3409446494465,27.52483930685305],[77.67990003900039,27.194934126538435],[77.5209416494165,27.10297449439499],[77.77486598865988,26.93198705337827],[78.2219364593646,26.82996933646913],[76.51985443854439,25.792262362500423],[76.62212546125461,25.37700714860267],[76.9230944709447,25.284760142608775],[77.33510059100591,25.423849086225736],[77.3549703897039,25.2640692253765],[77.3120165601656,25.083023699594087],[76.97189235892358,25.062045408511363],[76.87488098880989,25.00801912462709],[76.8029990699907,24.80800692471509],[77.02711871118711,24.714035675618508],[76.8690369303693,24.54391035615313],[76.90088704887049,24.12693089915269],[76.2130413704137,24.209981941932238],[75.68707611076111,23.75593125822397],[75.4629564695647,23.91398687597052],[75.6409080490805,23.999911657254554],[75.81389217892179,24.246191047088722],[75.81389217892179,24.28412439534789],[75.91411778117781,24.572072993497063],[75.22802532025321,24.718058909524782],[75.22393447934479,24.843928656021127],[75.1149427894279,24.89306958444778],[74.84290186901869,24.968936280966123],[74.87504419044191,24.653112419323474],[74.97789961899619,24.03698288396238],[74.8469927099271,23.551895824405698],[74.63310017100171,23.469132155476593],[74.5740751807518,23.29009824664732],[74.69212516125161,23.224864382595563],[74.3189820298203,23.05904967088691],[74.13314097140972,23.265958843209667],[73.6270455104551,23.449015985945216],[73.655973599736,23.620865548513283],[73.35208256082561,23.79099086797866],[73.4149061890619,23.98496821703124],[73.06806132061321,24.194176380157582],[73.0920219602196,24.49591892312827],[72.90793411934119,24.338150679232168],[72.28992493924939,24.547933590059408],[72.085967299673,24.705989207805956],[71.85191275912759,24.607994724803095],[71.09510719107192,24.690758393732196]]]]}},{"type":"Feature","id":"relation/1943188","properties":{"hasc":"IN.JA","fips":"IN12","name":"Jammu and Kashmir","iso3166-2":"IN-JK","hc-group":"admin1","hc-key":"in-jk","hc-a2":"JA","hc-middle-lon":75.265,"hc-middle-lat":33.532},"geometry":{"type":"Polygon","coordinates":[[[75.3320495604956,32.327143721694114],[75.0269897098971,32.497843788860386],[74.6810214502145,32.49295843340277],[74.7049820898209,32.842117661697415],[74.51008274082741,32.74699691719904],[74.32307287072871,33.03207177684372],[73.99989643896438,33.23581983681155],[74.16411448114481,33.336113310617996],[73.9809032490325,33.641016965943614],[74.25586619866199,34.004832260611124],[73.89996303963039,34.04880045972971],[73.9391182311823,34.337036431729324],[73.7740235802358,34.33186370242126],[73.9689229292293,34.68590828617353],[74.30992373923739,34.78304064762504],[75.266011700117,34.63791685314867],[75.365945099451,34.53791075319267],[75.405976899769,34.2838722693964],[75.83989823898239,33.95281759367999],[76.0239860798608,33.98212972642571],[76.2840466804668,33.6599836400732],[76.7720255602556,33.25018852933396],[76.40414208142082,33.184954665282206],[75.95005874058741,32.87286666369538],[75.9228838688387,32.7449853002459],[75.8320087600876,32.51020086442966],[75.3320495604956,32.327143721694114]]]}},{"type":"Feature","id":"relation/1949080","properties":{"hasc":"IN.GJ","fips":"IN09","name":"Gujarat","iso3166-2":"IN-GJ","hc-group":"admin1","hc-key":"in-gj","hc-a2":"GU","hc-middle-lon":71.326,"hc-middle-lat":22.416},"geometry":{"type":"MultiPolygon","coordinates":[[[[69.7050978909789,22.748111164701882],[69.2019244592446,22.851853124713706],[68.65112195121951,23.16192950934739],[68.42408028080281,23.445854873590285],[68.65404398043981,23.79702571883807],[68.176,23.60304836978549],[68.37499018990191,23.96916265525659],[68.75310077100771,23.971174272209726],[68.85712501125012,24.214005175838516],[69.5940607806078,24.292170863160443],[70.0250600906009,24.170899098271274],[70.11009114091141,24.295044601664927],[70.5729405694057,24.422063843563063],[70.8049496894969,24.220902148249273],[71.1199444394444,24.401947674031685],[71.09510719107192,24.690758393732196],[71.85191275912759,24.607994724803095],[72.085967299673,24.705989207805956],[72.28992493924939,24.547933590059408],[72.90793411934119,24.338150679232168],[73.0920219602196,24.49591892312827],[73.06806132061321,24.194176380157582],[73.4149061890619,23.98496821703124],[73.35208256082561,23.79099086797866],[73.655973599736,23.620865548513283],[73.6270455104551,23.449015985945216],[74.13314097140972,23.265958843209667],[74.3189820298203,23.05904967088691],[74.3569684096841,22.938927401399535],[74.37888362883629,22.63488586762526],[74.24213266132662,22.61706868889747],[74.1270047100471,22.525971178305365],[74.0828820688207,22.4957969240083],[74.13109555095551,22.43889690161954],[74.1699585395854,22.43602316311506],[74.1699585395854,22.43889690161954],[74.1810622506225,22.454989837244643],[74.20385407854079,22.366191317456128],[74.0820054600546,22.361880709699403],[74.13109555095551,22.147212443414546],[74.1278813188132,22.143189209508268],[74.16791311913119,22.09807151498789],[74.09807662076621,21.99892753658324],[74.10099864998651,21.99892753658324],[74.1439524795248,21.99001894721934],[74.14687450874509,21.960994188324065],[74.14512129121292,21.952947720511514],[73.8120099600996,21.840009797285344],[73.8520417604176,21.4980349152519],[74.3210274502745,21.499184410653694],[73.9449622896229,21.394005581389624],[73.61886382863828,21.11898880651063],[73.90989793897938,20.96409430111901],[73.85408718087182,20.69310076014629],[73.5919811598116,20.63993659781336],[73.49613860138601,20.654017916485326],[73.45610680106802,20.715803294331703],[73.4219190591906,20.4258430792294],[73.41695160951609,20.19795561582392],[73.2109485494855,20.12093942390378],[72.9619916599166,20.210025317542748],[72.73787201872018,20.135020742575747],[72.82085764857649,20.368080935289296],[72.8579674196742,20.466075418292156],[72.94504389043891,20.770116952066427],[72.6139779797798,21.257790376277146],[72.61485458854588,21.258939871678937],[72.61485458854588,21.259801993230283],[72.6139779797798,21.260951488632077],[72.6110559505595,21.26497472253835],[72.60988713887139,21.265836844089698],[72.6069651096511,21.27014745184642],[72.68585989859899,21.536830385062416],[72.9269273092731,21.685115291893723],[72.53508319083191,21.67275821632445],[72.6230362703627,21.96702903918348],[72.49212936129362,22.327970595346507],[72.1280445204452,21.983984096359926],[72.296061200612,21.652929420643517],[72.10496048960489,21.212960055607216],[71.46211406114061,20.885066492245738],[71.00686190861909,20.73793108081622],[71.00306327063271,20.7419543147225],[70.7500155401554,20.71982652823798],[70.33713281132812,20.927023074411185],[69.1189388293883,22.062149783681857],[68.9439092790928,22.31791251058082],[69.17504179041791,22.348086764877888],[69.2369888098881,22.25296602037951],[69.7249676896769,22.465047922010335],[70.17788221882219,22.56218028346185],[70.39907983079831,22.945824373810293],[69.8070767107671,22.84495615230295],[69.7050978909789,22.748973286253225],[69.7050978909789,22.748111164701882]]],[[[69.7050978909789,22.748111164701882],[69.7050978909789,22.748111164701882],[69.7050978909789,22.748973286253225],[69.7050978909789,22.748111164701882]]],[[[72.6139779797798,21.258939871678937],[72.6069651096511,21.27014745184642],[72.60988713887139,21.265836844089698],[72.6110559505595,21.26497472253835],[72.6139779797798,21.260951488632077],[72.61485458854588,21.259801993230283],[72.6139779797798,21.258939871678937]]],[[[72.6139779797798,21.257790376277146],[72.6139779797798,21.258939871678937],[72.61485458854588,21.258939871678937],[72.6139779797798,21.257790376277146]]]]}},{"type":"Feature","id":"relation/1950071","properties":{"hasc":"IN.MP","fips":"IN35","name":"Madhya Pradesh","iso3166-2":"IN-MP","hc-group":"admin1","hc-key":"in-mp","hc-a2":"MP","hc-middle-lon":78.421,"hc-middle-lat":23.971},"geometry":{"type":"MultiPolygon","coordinates":[[[[74.14512129121292,21.952947720511514],[74.14687450874509,21.960994188324065],[74.1439524795248,21.99001894721934],[74.10099864998651,21.99892753658324],[74.09807662076621,21.99892753658324],[74.16791311913119,22.09807151498789],[74.1278813188132,22.143189209508268],[74.13109555095551,22.147212443414546],[74.0820054600546,22.361880709699403],[74.20385407854079,22.366191317456128],[74.1810622506225,22.454989837244643],[74.1699585395854,22.43889690161954],[74.1699585395854,22.43602316311506],[74.13109555095551,22.43889690161954],[74.0828820688207,22.4957969240083],[74.1270047100471,22.525971178305365],[74.24213266132662,22.61706868889747],[74.37888362883629,22.63488586762526],[74.3569684096841,22.938927401399535],[74.3189820298203,23.05904967088691],[74.69212516125161,23.224864382595563],[74.5740751807518,23.29009824664732],[74.63310017100171,23.469132155476593],[74.8469927099271,23.551895824405698],[74.97789961899619,24.03698288396238],[74.87504419044191,24.653112419323474],[74.84290186901869,24.968936280966123],[75.1149427894279,24.89306958444778],[75.22393447934479,24.843928656021127],[75.22802532025321,24.718058909524782],[75.91411778117781,24.572072993497063],[75.81389217892179,24.28412439534789],[75.81389217892179,24.246191047088722],[75.6409080490805,23.999911657254554],[75.4629564695647,23.91398687597052],[75.68707611076111,23.75593125822397],[76.2130413704137,24.209981941932238],[76.90088704887049,24.12693089915269],[76.8690369303693,24.54391035615313],[77.02711871118711,24.714035675618508],[76.8029990699907,24.80800692471509],[76.87488098880989,25.00801912462709],[76.97189235892358,25.062045408511363],[77.3120165601656,25.083023699594087],[77.3549703897039,25.2640692253765],[77.33510059100591,25.423849086225736],[76.9230944709447,25.284760142608775],[76.62212546125461,25.37700714860267],[76.51985443854439,25.792262362500423],[78.2219364593646,26.82996933646913],[78.72510989109891,26.79720871751803],[78.98312507125071,26.67708644803065],[79.05705241052411,26.452934844681],[79.095915399154,26.373907035807722],[79.09708421084211,26.35494036167814],[79.13711601116012,26.33798530450169],[79.1379926199262,26.33798530450169],[79.13711601116012,26.33798530450169],[79.1379926199262,26.33798530450169],[79.126012300123,26.325053481231517],[79.0669873098731,26.246887793909586],[79.03513719137192,26.225909502826863],[79.0009494494945,26.1701589758399],[79.00387147871479,26.169009480438106],[79.0050402904029,26.169009480438106],[79.00387147871479,26.169009480438106],[79.0050402904029,26.169009480438106],[78.94513869138692,26.006068507233937],[78.9319895598956,25.95893919576042],[78.8729645696457,25.827034598404662],[78.8469585095851,25.803182568817455],[78.84812732127321,25.803182568817455],[78.8469585095851,25.803182568817455],[78.8449130891309,25.8040446903688],[78.846081900819,25.8040446903688],[78.8469585095851,25.803182568817455],[78.84812732127321,25.803182568817455],[78.846081900819,25.8040446903688],[78.8449130891309,25.8040446903688],[78.8449130891309,25.805194185770596],[78.846081900819,25.81094166277956],[78.846081900819,25.812091158181353],[78.846081900819,25.81094166277956],[78.846081900819,25.812091158181353],[78.8469585095851,25.81783863519032],[78.81014094140941,25.618975930680115],[78.52787291872919,25.567248637599427],[78.5269963099631,25.567248637599427],[78.52787291872919,25.567248637599427],[78.5269963099631,25.567248637599427],[78.52290546905469,25.56811075915077],[78.5088797287973,25.572133993057047],[78.50712651126511,25.572133993057047],[78.50011364113641,25.575007731561527],[78.46914013140132,25.552879945077013],[78.46592589925899,25.548856711170735],[78.3049220892209,25.360052091426223],[78.3250840908409,25.35315511901546],[78.3288827288273,25.29711721817805],[78.33414238142382,25.293093984271774],[78.34086304863048,25.29223186272043],[78.37212876128761,25.260045991470225],[78.44488728887289,25.12095704785326],[78.1690477304773,24.86979230256147],[78.39813482134821,24.27004307667593],[78.56089184891849,24.356829979511307],[78.78910233102332,24.17693394913069],[78.9179638196382,24.493045184623785],[78.9179638196382,24.49390730617513],[78.9191326313263,24.495056801576926],[78.97114475144751,24.49390730617513],[78.9480607206072,24.543048234601788],[78.9229312693127,24.5740846104502],[78.9100743407434,24.60195987394368],[78.80108265082652,24.596787144635613],[78.7519925599256,24.635869988296577],[78.7499471394714,24.647939690015406],[78.7479017190172,24.651100802370337],[78.7470251102511,24.651100802370337],[78.7479017190172,24.651100802370337],[78.7470251102511,24.651100802370337],[78.6520591605916,24.939049400519504],[78.63189715897158,24.96088981315357],[78.6450462904629,24.99997265681454],[78.60910533105331,25.415802618413185],[78.9410478504785,25.493968305735116],[78.8469585095851,25.33188945408229],[78.81686160861608,25.308037424495083],[79.00708571085711,25.212916679996706],[79.01906603066031,25.249987906704533],[79.0380592205922,25.242803560443328],[79.0479941199412,25.133888871123432],[79.0550069900699,25.139923721982846],[79.0669873098731,25.14883231134674],[79.0740001800018,25.172971714784396],[79.126012300123,25.120094926301917],[79.2680229202292,25.13791210502971],[79.2729903699037,25.122106543255054],[79.27386697866979,25.122106543255054],[79.2870161101611,25.13101513261895],[79.30513269132692,25.177857070242016],[79.346041100411,25.305163685990603],[79.3580214202142,25.27700104864667],[79.4079881198812,25.270966197787256],[79.476071400714,25.2640692253765],[79.4719805598056,25.262057608423362],[79.45912363123631,25.253149019059464],[79.44714331143311,25.24424042969557],[79.41704641046411,25.13302674957209],[79.4389616296163,25.101990373723673],[79.44013044130442,25.101990373723673],[79.4389616296163,25.101990373723673],[79.44013044130442,25.101990373723673],[79.4410070500705,25.10285249527502],[79.4439290792908,25.10400199067681],[79.576004800048,25.166936863924985],[79.57688140881409,25.163201003869155],[79.57688140881409,25.162051508467364],[79.6069783097831,25.14883231134674],[79.5999654396544,25.12814139411447],[79.6730161701617,25.12095704785326],[79.87200636006361,25.141935338935983],[79.8790192301923,25.14279746048733],[79.87989583895839,25.141935338935983],[79.88106465064651,25.141935338935983],[79.87989583895839,25.141935338935983],[79.8790192301923,25.14394695588912],[79.8790192301923,25.14279746048733],[79.8790192301923,25.14394695588912],[79.8781426214262,25.144809077440467],[79.8670389103891,25.149981806748535],[79.8620714607146,25.20918081994088],[79.86090264902649,25.22211264321105],[79.8790192301923,25.251137402106327],[79.8889541295413,25.24424042969557],[79.89596699967,25.24194143889198],[79.8988890288903,25.24079194349019],[80.0189844298443,25.3218313693166],[80.02307527075271,25.32585460322288],[80.02307527075271,25.32700409862467],[80.02307527075271,25.32585460322288],[80.02307527075271,25.32700409862467],[80.02395187951879,25.327866220176016],[80.2270329103291,25.399134935087186],[80.28488908889089,25.415802618413185],[80.3699201392014,25.118083309348776],[80.35092694926949,25.089920672004848],[80.3339791797918,25.054861062250158],[80.32813512135121,25.048826211390743],[80.31410938109381,25.04595247288626],[80.3129405694057,25.045090351334917],[80.31410938109381,25.04595247288626],[80.3129405694057,25.045090351334917],[80.3120639606396,25.045090351334917],[80.29394737947379,25.056872679203295],[80.30592769927699,25.008881246178433],[80.31907683076831,25.002846395319022],[80.35209576095761,25.017215087841436],[80.3781018210182,25.04106711742864],[80.40089364893649,25.068080259370777],[80.40907533075331,25.056010557651952],[80.4140427804278,25.056872679203295],[80.4140427804278,25.05773480075464],[80.4140427804278,25.056872679203295],[80.4140427804278,25.05773480075464],[80.41696480964809,25.072103493277055],[80.4350813908139,25.068080259370777],[80.43595799958,25.068080259370777],[80.4350813908139,25.068080259370777],[80.43595799958,25.068080259370777],[80.45086034860348,25.07612672718333],[80.44910713107132,25.03991762202685],[80.4429708697087,24.995087301356918],[80.5040412804128,25.05284944529702],[80.506086700867,25.081874204192296],[80.4800806408064,25.09595552286426],[80.4879701197012,25.0979671398174],[80.4900155401554,25.0979671398174],[80.4929375693757,25.098829261368742],[80.49410638106382,25.098829261368742],[80.4929375693757,25.098829261368742],[80.49410638106382,25.098829261368742],[80.49585959859598,25.0979671398174],[80.565988299883,25.072965614828398],[80.596085200852,25.076988848734675],[80.5998838388384,25.074115110230192],[80.6080655206552,25.068080259370777],[80.6080655206552,25.067218137819435],[80.6080655206552,25.068080259370777],[80.6080655206552,25.067218137819435],[80.6089421294213,25.079000465687812],[80.5990072300723,25.080149961089607],[80.59287096870969,25.10285249527502],[80.5969618096181,25.14078584353419],[80.6369936099361,25.118945430900123],[80.64108445084452,25.087909055051707],[80.64108445084452,25.089920672004848],[80.63991563915638,25.091070167406638],[80.64108445084452,25.089920672004848],[80.64108445084452,25.087909055051707],[80.64312987129871,25.087909055051707],[80.6729345693457,25.081874204192296],[80.67994743947439,25.048826211390743],[80.7880625206252,25.062045408511363],[80.7199792397924,25.13590048807657],[80.72085584855849,25.13791210502971],[80.72085584855849,25.13590048807657],[80.7199792397924,25.13590048807657],[80.72085584855849,25.13590048807657],[80.73488158881588,25.133888871123432],[80.82604890048901,25.12095704785326],[80.82692550925509,25.115209570844293],[80.8289709297093,25.104864112228157],[80.83013974139742,25.101990373723673],[80.83890582905829,25.14394695588912],[80.83890582905829,25.144809077440467],[80.83890582905829,25.14394695588912],[80.83890582905829,25.144809077440467],[80.8380292202922,25.17900656564381],[80.83890582905829,25.17900656564381],[80.8380292202922,25.17900656564381],[80.83890582905829,25.17900656564381],[80.8380292202922,24.92812919420247],[80.96513749137492,24.928991315753816],[80.99611100111001,24.92812919420247],[81.02796111961119,24.943934755977125],[81.21204896048961,24.945946372930262],[81.31490438904389,25.15917776996288],[81.3619490594906,25.158028274561087],[81.43792181921819,25.129865637217158],[81.5010376503765,25.09595552286426],[81.5130179701797,25.176994948690673],[81.5138945789458,25.181880304148294],[81.53990063900639,25.181018182596947],[81.53990063900639,25.185041416503225],[81.60886052860529,25.11204845848936],[81.63311337113372,25.10400199067681],[81.63311337113372,25.09595552286426],[81.6319445594456,25.09595552286426],[81.63311337113372,25.09595552286426],[81.6319445594456,25.09595552286426],[81.6009710497105,25.074115110230192],[81.88791431914319,24.997098918310055],[81.9031088710887,24.984167095039883],[81.915965799658,24.93301454966009],[82.1970650106501,24.814903897125852],[82.20086364863648,24.818065009480783],[82.2029090690907,24.818927131032126],[82.20086364863648,24.818065009480783],[82.1970650106501,24.814903897125852],[82.21313617136171,24.772947314960405],[82.2549211892119,24.751969023877678],[82.2969984099841,24.665182121042303],[82.3040112801128,24.60713260325175],[82.4109575495755,24.665182121042303],[82.46910593105932,24.674952831957544],[82.7180628206282,24.64190483915599],[82.7180628206282,24.641042717604645],[82.77913323133231,24.61402957566251],[82.80192505925059,24.582993199814094],[82.80513929139292,24.570061376543922],[82.80689250892509,24.54879571161075],[82.7519583595836,24.546784094657614],[82.74290006900068,24.550807328563888],[82.72098484984849,24.554830562470165],[82.74290006900068,24.4990800354832],[82.7309197491975,24.452812845561027],[82.7589712297123,24.373785036687753],[82.68007644076441,24.113999075882518],[82.69088794887949,24.104228364967277],[82.8080613206132,23.986117712433035],[82.8130287702877,23.959966692042244],[82.6640052800528,23.862834330590726],[82.5509227492275,23.79099086797866],[81.6079839198392,23.901917174251693],[81.61002934029341,23.55505693676063],[81.7219430594306,23.547010468948077],[81.7549619896199,23.56310340457318],[81.98288026880269,23.429187190264287],[82.1970650106501,23.305903808421977],[82.1450528905289,23.16595274325367],[82.145929499295,23.163941126300532],[82.0670347103471,23.11594969327567],[82.04891812918129,23.09727039299653],[82.04395067950679,23.089798672884875],[82.0179446194462,23.082901700474117],[81.9969060090601,23.08405119587591],[81.6570740107401,22.58402069609592],[81.39613680136802,22.440046397021334],[81.1109467494675,22.438034780068197],[81.02387027870279,22.147212443414546],[80.82604890048901,21.95812044981958],[80.82692550925509,21.956108832866445],[80.83510719107191,21.907830025991135],[80.8330617706177,21.890012847263343],[80.8450420904209,21.864149200723],[80.84708751087511,21.862999705321204],[80.84708751087511,21.859838592966273],[80.85088614886149,21.85581535906],[80.85205496054961,21.854953237508653],[80.85205496054961,21.85380374210686],[80.85205496054961,21.854953237508653],[80.85205496054961,21.85380374210686],[80.83890582905829,21.8469067696961],[80.8409512495125,21.81587039384769],[80.83890582905829,21.81098503839007],[80.83890582905829,21.80696180448379],[80.83890582905829,21.805812309081997],[80.83890582905829,21.802938570577517],[80.83890582905829,21.80207644902617],[80.83890582905829,21.802938570577517],[80.84007464074641,21.80207644902617],[80.83890582905829,21.80207644902617],[80.84007464074641,21.80207644902617],[80.83101635016351,21.790006747307345],[80.83189295892959,21.790006747307345],[80.83101635016351,21.790006747307345],[80.83189295892959,21.790006747307345],[80.8219580595806,21.767878960822827],[80.81991263912639,21.76586734386969],[80.8169906099061,21.75408501600131],[80.6770254102541,21.350899503822383],[80.66007764077641,21.333944446645937],[80.56686490864908,21.348025765317903],[80.4569966099661,21.400902553800385],[80.4529057690577,21.391993964436487],[80.2670647106471,21.61901930629062],[79.89012294122941,21.51815108478328],[79.5388950289503,21.544014731323625],[79.2209782497825,21.69402388125762],[78.856016800168,21.494011681345626],[78.775953199532,21.46613641785214],[78.4069009090091,21.608961221524932],[78.0819712597126,21.44487075291897],[77.48792271922719,21.374176785708695],[77.5250324903249,21.723910761704243],[77.07211796117961,21.71902540624662],[76.76413608136082,21.52102482328776],[76.6370278102781,21.204051466243317],[76.37287636876368,21.071859495037113],[76.1321011610116,21.13220800363125],[76.1540163801638,21.250031282315042],[76.1589838298383,21.254916637772663],[75.8629822698227,21.381073758119452],[75.855969399694,21.381073758119452],[75.7878861188612,21.383947496623936],[75.30107605076051,21.385959113577073],[75.08893672936729,21.50119602760683],[74.88585569855698,21.629939512607656],[74.86803132031321,21.628790017205862],[74.85605100051,21.626778400252725],[74.67605400054,21.645170326681416],[74.6769306093061,21.645170326681416],[74.6649502895029,21.648044065185896],[74.55712741127411,21.70408196602331],[74.4308957489575,22.02996391243165],[74.14512129121292,21.952947720511514]],[[79.40594269942699,25.067218137819435],[79.40594269942699,25.076988848734675],[79.3650342903429,25.14394695588912],[79.40594269942699,25.067218137819435]]]]}},{"type":"Feature","id":"relation/1950884","properties":{"hasc":"IN.MH","fips":"IN16","name":"Maharashtra","iso3166-2":"IN-MH","hc-group":"admin1","hc-key":"in-mh","hc-a2":"MA","hc-middle-lon":76.776,"hc-middle-lat":18.818},"geometry":{"type":"MultiPolygon","coordinates":[[[[73.67613560135601,15.726993250549711],[73.49087894878949,15.993101436064808],[73.3129273692737,16.53508851801025],[73.24893492934929,17.28484689382979],[72.94212186121861,18.234042721860433],[72.85592199921999,18.701025228838873],[73.0020234602346,19.005066762613144],[72.8120915609156,18.98092735917549],[72.796020400204,19.526937675027206],[72.6639446794468,19.930985308757474],[72.73787201872018,20.135020742575747],[72.9619916599166,20.210025317542748],[73.17909843098431,20.047946465889922],[73.1919553595536,20.04995808284306],[73.2109485494855,20.12093942390378],[73.41695160951609,20.19795561582392],[73.4219190591906,20.4258430792294],[73.45610680106802,20.715803294331703],[73.49613860138601,20.654017916485326],[73.5919811598116,20.63993659781336],[73.85408718087182,20.69310076014629],[73.90989793897938,20.96409430111901],[73.61886382863828,21.11898880651063],[73.9449622896229,21.394005581389624],[74.3210274502745,21.499184410653694],[73.8520417604176,21.4980349152519],[73.8120099600996,21.840009797285344],[74.14512129121292,21.952947720511514],[74.4308957489575,22.02996391243165],[74.55712741127411,21.70408196602331],[74.6649502895029,21.648044065185896],[74.6769306093061,21.645170326681416],[74.67605400054,21.645170326681416],[74.85605100051,21.626778400252725],[74.86803132031321,21.628790017205862],[74.88585569855698,21.629939512607656],[75.08893672936729,21.50119602760683],[75.30107605076051,21.385959113577073],[75.7878861188612,21.383947496623936],[75.855969399694,21.381073758119452],[75.8629822698227,21.381073758119452],[76.1589838298383,21.254916637772663],[76.1540163801638,21.250031282315042],[76.1321011610116,21.13220800363125],[76.37287636876368,21.071859495037113],[76.6370278102781,21.204051466243317],[76.76413608136082,21.52102482328776],[77.07211796117961,21.71902540624662],[77.5250324903249,21.723910761704243],[77.48792271922719,21.374176785708695],[78.0819712597126,21.44487075291897],[78.4069009090091,21.608961221524932],[78.775953199532,21.46613641785214],[78.856016800168,21.494011681345626],[79.2209782497825,21.69402388125762],[79.5388950289503,21.544014731323625],[79.89012294122941,21.51815108478328],[80.2670647106471,21.61901930629062],[80.4529057690577,21.391993964436487],[80.4569966099661,21.400902553800385],[80.56686490864908,21.348025765317903],[80.66007764077641,21.333944446645937],[80.4640094800948,21.174739333497595],[80.6320261602616,20.599129511049707],[80.62588989889899,20.337044559440884],[80.3950495904959,20.245084927297437],[80.55108595085952,20.118927806950644],[80.46693150931509,19.824944357942062],[80.8950087900879,19.518891207214654],[80.7509527495275,19.2869805099029],[80.5639428794288,19.400205806979518],[80.3930041700417,19.245886049288796],[80.27290876908769,18.724015136874733],[80.0520033600336,18.725164632276527],[79.85710401104011,19.093003160850316],[79.98012144121441,19.388998226812035],[79.88106465064651,19.50308564544],[79.74489808898089,19.608839222404963],[79.4719805598056,19.501936150038205],[79.24902973029731,19.616885690217515],[79.17890102901029,19.461991184825894],[78.9398790387904,19.551939200016204],[78.8411144511445,19.76200948469389],[78.42209546095461,19.818047385531305],[78.17489178891789,19.238126955326692],[77.86807872078721,19.241000693831175],[77.86690990909909,19.23496584297176],[77.86690990909909,19.234103721420418],[77.86690990909909,19.23496584297176],[77.86690990909909,19.234103721420418],[77.7620090600906,19.036965260012902],[77.935869798698,18.85304599572601],[77.60509609096091,18.549866583503082],[77.56097344973449,18.470838774629808],[77.56097344973449,18.46997665307846],[77.56097344973449,18.470838774629808],[77.56097344973449,18.46997665307846],[77.54986973869738,18.291804865800533],[77.39208016080161,18.401006928970876],[77.24013464134642,18.409053396783428],[77.2009794497945,18.311058913780567],[77.2018560585606,18.311058913780567],[77.2009794497945,18.311058913780567],[77.2018560585606,18.311058913780567],[77.2129597695977,18.2808846594835],[77.1650384903849,18.258182125298088],[77.16386967869678,18.258182125298088],[77.1650384903849,18.258182125298088],[77.16386967869678,18.258182125298088],[76.99906723067231,18.1642108762015],[76.9190036300363,18.12110479863426],[76.95289916899169,18.042076989760986],[76.7010202502025,17.729126866622817],[76.33109135091351,17.598084390818407],[76.34394827948279,17.35611560874096],[75.9319421594216,17.321918120537617],[75.6330185701857,17.478249495181476],[75.675972399724,16.969023032187142],[74.9679647196472,16.950918479608898],[74.9220888608886,16.77102244922828],[74.32307287072871,16.556928930644318],[74.34411148111481,16.292257614381462],[74.50511529115292,16.223000516423426],[74.3689487294873,15.785904889891608],[74.11794641946419,15.651988675582711],[73.70009624096241,15.722970016643433],[73.69512879128791,15.72383213819478],[73.67613560135601,15.726993250549711]]]]}},{"type":"Feature","id":"relation/1952530","properties":{"hasc":"IN.DH","fips":"IN42","name":"Dadra and Nagar Haveli and Daman and Diu","iso3166-2":"IN-DH","hc-group":"admin1","hc-key":"in-dh","hc-a2":"DA","hc-middle-lon":72.046,"hc-middle-lat":20.395},"geometry":{"type":"MultiPolygon","coordinates":[[[[71.00686190861909,20.73793108081622],[71.00686190861909,20.73793108081622],[71.00306327063271,20.7419543147225],[71.00686190861909,20.73793108081622]]],[[[72.82085764857649,20.368080935289296],[72.82085764857649,20.368080935289296],[72.8579674196742,20.466075418292156],[72.82085764857649,20.368080935289296]]],[[[72.9619916599166,20.210025317542748],[73.2109485494855,20.12093942390378],[73.1919553595536,20.04995808284306],[73.17909843098431,20.047946465889922],[72.9619916599166,20.210025317542748]]]]}},{"type":"Feature","id":"relation/1958982","properties":{"hasc":"IN.BR","fips":"IN34","name":"Bihar","iso3166-2":"IN-BR","hc-group":"admin1","hc-key":"in-br","hc-a2":"BI","hc-middle-lon":85.808,"hc-middle-lat":25.904},"geometry":{"type":"Polygon","coordinates":[[[83.5020432604326,24.526093177425338],[83.35594179941799,25.196823744371603],[84.20508349083491,25.670128476059908],[84.6241024810248,25.792262362500423],[84.0098919389194,26.173894835895727],[84.1770320103201,26.369883801901448],[83.9070365103651,26.518743456433654],[84.0870335103351,26.63886572592103],[84.42014484144842,26.625933902650857],[84.04407968079681,26.94118301659261],[83.85590099900999,27.35212762273364],[84.1089487294873,27.52196556834857],[84.62293366933669,27.336034687108537],[84.64309567095671,27.046074472006232],[85.1909761497615,26.86991430168144],[85.3338633786338,26.742032938231958],[85.6240208802088,26.873937535587718],[85.8580754207542,26.5690338802621],[86.02813752137521,26.66702836326496],[86.7270869108691,26.424772207337067],[87.0710097500975,26.585988937438547],[87.3418818588186,26.348043389267378],[88.10307047070471,26.540009121366825],[88.16793951939519,26.540009121366825],[88.276054600546,26.378792391265346],[88.26991833918339,26.327927219736],[88.2669963099631,26.331950453642275],[88.2640742807428,26.33482419214676],[88.2640742807428,26.335973687548552],[88.2640742807428,26.33482419214676],[88.2640742807428,26.335973687548552],[88.25793801938019,26.33482419214676],[88.25793801938019,26.333962070595415],[88.25706141061411,26.331950453642275],[88.2529705697057,26.327065098184654],[88.11388197881979,26.219012530416105],[88.0510583505835,26.173032714344384],[88.0320651606516,26.17504433129752],[87.985897098971,26.106936728741278],[87.98414388143881,26.102051373283658],[87.98209846098462,26.102051373283658],[87.9780076200762,26.100901877881867],[87.97713101131012,26.100901877881867],[87.9780076200762,26.100901877881867],[87.97713101131012,26.100901877881867],[87.96690390903909,26.09687864397559],[87.96690390903909,26.096016522424247],[87.96690390903909,26.09687864397559],[87.96690390903909,26.096016522424247],[87.96485848858488,26.094004905471106],[87.98209846098462,26.08193520375228],[87.9520015600156,26.074176109790177],[87.9110931509315,26.07216449283704],[87.8219712597126,25.910085641184214],[87.90408028080282,25.841978038627975],[87.9070023100231,25.840253795525285],[87.90787891878918,25.84111591707663],[87.9070023100231,25.840253795525285],[87.90408028080282,25.841978038627975],[87.92511889118892,25.775019931473526],[87.99086454864549,25.725016881495527],[88.0300197401974,25.60000925655053],[88.0379092190922,25.568972880702116],[88.07589559895598,25.508049624407082],[88.07209696096962,25.493968305735116],[88.0510583505835,25.489082950277496],[87.76586829868299,25.38505361641522],[87.8240166801668,25.236768709583913],[87.665934899349,25.310049041448224],[87.32785611856119,25.22383688631374],[87.146105901059,25.019226704794573],[87.0511399513995,24.60914422020489],[86.60786811868118,24.607994724803095],[86.4439422794228,24.36803755967879],[86.3229702697027,24.585004816767235],[85.735934599346,24.820938747985263],[85.6780784207842,24.591039667626646],[84.9090003300033,24.3829809999021],[84.80293066930669,24.530116411331612],[84.4920267602676,24.286136012301032],[84.31991923919239,24.518046709612786],[84.09287756877569,24.495056801576926],[84.03414478144782,24.629835137437166],[83.5020432604326,24.526093177425338]]]}},{"type":"Feature","id":"relation/1960177","properties":{"hasc":"IN.WB","fips":"IN28","name":"West Bengal","iso3166-2":"IN-WB","hc-group":"admin1","hc-key":"in-wb","hc-a2":"WB","hc-middle-lon":87.851,"hc-middle-lat":24.384},"geometry":{"type":"MultiPolygon","coordinates":[[[[86.8740649806498,22.259862992790268],[86.87611040110401,22.259862992790268],[86.8819544595446,22.25785137583713],[86.88487648876489,22.25785137583713],[86.78786511865118,22.538040880024194],[86.42085824858249,22.789205625315983],[86.4451110911109,22.93116830743743],[86.48894152941529,22.93806527984819],[86.54095364953649,22.967090038743464],[86.20813452134522,23.006172882404428],[86.14209666096662,23.055026436980636],[85.8820360603606,23.167964360206806],[85.86508829088291,23.45993619226225],[86.09914283142831,23.565977143077664],[86.19586199861999,23.454763462954183],[86.3180028200282,23.426026077909356],[86.31186655866559,23.42516395635801],[86.3890081300813,23.574023610890215],[86.805981699817,23.69615749733073],[86.91000594005939,23.881226257019417],[87.11805442054421,23.803060569697486],[87.12389847898478,23.799037335791212],[87.1539953799538,23.803060569697486],[87.1589628296283,23.81398077601452],[87.1539953799538,23.830073711639624],[87.2840256802568,23.88898535098152],[87.2840256802568,23.888123229430175],[87.2849022890229,23.884962117075244],[87.2840256802568,23.888123229430175],[87.2840256802568,23.88898535098152],[87.45613320133201,23.999911657254554],[87.56687810878108,24.084974316987243],[87.5800272402724,24.08698593394038],[87.57389097890979,24.106239981920414],[87.6089553295533,24.13181625461031],[87.5750597905979,24.15997889195424],[87.64606510065101,24.231822354566308],[87.7939197791978,24.3829809999021],[87.79508859088591,24.3829809999021],[87.7939197791978,24.3829809999021],[87.79508859088591,24.3829809999021],[87.8099909399094,24.40597090793796],[87.79187435874358,24.41401737575051],[87.81291296912968,24.45597395791596],[87.81291296912968,24.454824462514168],[87.81291296912968,24.45597395791596],[87.8219712597126,24.495056801576926],[87.80385467854678,24.497930540081406],[87.7980106201062,24.497068418530063],[87.79596519965199,24.50080427858589],[87.79888722887229,24.507988624847098],[87.8000560405604,24.543048234601788],[87.7880757207572,24.572072993497063],[87.90904773047731,24.668055859546783],[87.9070023100231,24.720070526477922],[87.88508709087091,24.827835720396024],[87.8240166801668,25.236768709583913],[87.76586829868299,25.38505361641522],[88.0510583505835,25.489082950277496],[88.07209696096962,25.493968305735116],[88.07589559895598,25.508049624407082],[88.0379092190922,25.568972880702116],[88.0300197401974,25.60000925655053],[87.99086454864549,25.725016881495527],[87.92511889118892,25.775019931473526],[87.90408028080282,25.841978038627975],[87.9070023100231,25.840253795525285],[87.90787891878918,25.84111591707663],[87.9070023100231,25.840253795525285],[87.90408028080282,25.841978038627975],[87.8219712597126,25.910085641184214],[87.9110931509315,26.07216449283704],[87.9520015600156,26.074176109790177],[87.98209846098462,26.08193520375228],[87.96485848858488,26.094004905471106],[87.96690390903909,26.096016522424247],[87.96690390903909,26.09687864397559],[87.96690390903909,26.096016522424247],[87.96690390903909,26.09687864397559],[87.97713101131012,26.100901877881867],[87.9780076200762,26.100901877881867],[87.97713101131012,26.100901877881867],[87.9780076200762,26.100901877881867],[87.98209846098462,26.102051373283658],[87.98414388143881,26.102051373283658],[87.985897098971,26.106936728741278],[88.0320651606516,26.17504433129752],[88.0510583505835,26.173032714344384],[88.11388197881979,26.219012530416105],[88.2529705697057,26.327065098184654],[88.25706141061411,26.331950453642275],[88.25793801938019,26.333962070595415],[88.25793801938019,26.33482419214676],[88.2640742807428,26.335973687548552],[88.2640742807428,26.33482419214676],[88.2640742807428,26.335973687548552],[88.2640742807428,26.33482419214676],[88.2669963099631,26.331950453642275],[88.26991833918339,26.327927219736],[88.276054600546,26.378792391265346],[88.16793951939519,26.540009121366825],[88.10307047070471,26.540009121366825],[88.18985473854738,26.749792032194062],[88.0139485794858,27.213038679116675],[88.07794101941019,27.17309371390437],[88.15888122881229,27.11274520531023],[88.74591689916899,27.144068955009093],[89.12987153871539,26.808991045386406],[89.37912063120632,26.862155207719336],[89.86213206132061,26.700938477617857],[89.82005484054841,26.371033297303242],[89.73590039900398,26.173032714344384],[89.7189526295263,26.166135741933623],[89.39285416854169,26.008942245738417],[89.136007800078,26.321892368876586],[88.7929615696157,26.31011004100821],[88.4849796897969,26.459831817091757],[88.1769978099781,26.148031189355383],[88.08612270122701,25.91382150124004],[88.5480955209552,25.51810770917277],[88.82890252902529,25.489945071828842],[88.94812132121321,25.176132827139327],[88.44290246902469,25.198260613623845],[88.3429690696907,24.86979230256147],[88.22988653886539,24.95801607464909],[88.00810452104521,24.668055859546783],[88.49812882128822,24.32090824820527],[88.6909827498275,24.316885014298997],[88.7389040290403,23.928068194642485],[88.58695850958509,23.873179789206866],[88.5770236102361,23.605059986738627],[88.76286466864669,23.445854873590285],[88.73393657936579,23.242968935173806],[88.9910751507515,23.21509367168032],[88.86104485044851,22.942088513754467],[89.06909333093331,22.200089231897028],[88.59893882938829,21.99001894721934],[88.59806222062221,21.99001894721934],[88.596016800168,21.988007330266203],[88.59514019140191,21.98685783486441],[88.59397137971379,21.98685783486441],[88.58988053880539,21.988869451817546],[88.58608190081901,21.988869451817546],[88.5589070290703,22.004100265891307],[88.55306297062971,22.00323814433996],[88.546050100501,21.988869451817546],[88.25413938139381,21.815008272296343],[88.1980364203642,22.16790336064682],[87.7641150811508,21.696035498210758],[87.4850612906129,21.61585819393569],[87.47191215912159,21.69890923671524],[87.44590609906099,21.74402693123562],[87.4190234302343,21.769890577775964],[87.40090684906849,21.767878960822827],[87.2930839708397,21.81098503839007],[87.28607110071101,21.80380069212886],[87.16889772897729,21.97507550699603],[87.1680211202112,21.9719143946411],[87.1618848588486,21.94892448660524],[86.9669855098551,22.080829083960996],[86.7250414904149,22.21790641062482],[86.8051050910509,22.224803383035578],[86.846013500135,22.263886226696542],[86.8501043410434,22.263886226696542],[86.87114295142952,22.259862992790268],[86.8740649806498,22.25900087123892],[86.8740649806498,22.259862992790268],[86.8740649806498,22.25900087123892],[86.8740649806498,22.259862992790268]]],[[[88.2079713197132,21.710978938434067],[88.1869327093271,21.691150142753138],[88.1889781297813,21.69402388125762],[88.19599099991,21.702932470621516],[88.19686760867609,21.70408196602331],[88.1980364203642,21.70408196602331],[88.1989130291303,21.704944087574656],[88.20095844958449,21.704944087574656],[88.20212726127261,21.706093582976447],[88.20388047880479,21.706955704527793],[88.205925899259,21.708105199929587],[88.2079713197132,21.710978938434067]]],[[[88.2079713197132,21.710978938434067],[88.1869327093271,21.691150142753138],[88.1889781297813,21.69402388125762],[88.19599099991,21.702932470621516],[88.19686760867609,21.70408196602331],[88.1980364203642,21.70408196602331],[88.1989130291303,21.704944087574656],[88.20095844958449,21.704944087574656],[88.20212726127261,21.706093582976447],[88.20388047880479,21.706955704527793],[88.205925899259,21.708105199929587],[88.2079713197132,21.710978938434067]]],[[[88.546050100501,21.973063890042894],[88.56591989919899,21.898921436627237],[88.546050100501,21.988869451817546],[88.55306297062971,22.00323814433996],[88.5589070290703,22.004100265891307],[88.5770236102361,21.981110357855446],[88.575854798548,21.979098740902305],[88.5749781897819,21.97507550699603],[88.575854798548,21.958982571370928],[88.57001074010739,21.95812044981958],[88.56913413134131,21.95812044981958],[88.546050100501,21.973063890042894]]],[[[88.5440046800468,21.737129958824863],[88.57001074010739,21.733106724918585],[88.56095244952449,21.7302329864141],[88.5589070290703,21.7302329864141],[88.5539395793958,21.73598046342307],[88.54488128881289,21.737129958824863],[88.5440046800468,21.737129958824863]]],[[[88.55686160861609,21.706093582976447],[88.5510175501755,21.70092085366838],[88.54897212972129,21.700058732117036],[88.5480955209552,21.69890923671524],[88.5419592595926,21.69890923671524],[88.54108265082651,21.700058732117036],[88.53991383913839,21.70092085366838],[88.5390372303723,21.702070349070173],[88.53786841868418,21.702932470621516],[88.53611520115201,21.706093582976447],[88.53290096900969,21.709829443032277],[88.52910233102331,21.71385267693855],[88.5270569105691,21.71586429389169],[88.55686160861609,21.706093582976447]]],[[[88.5270569105691,21.71586429389169],[88.5440046800468,21.737129958824863],[88.54488128881289,21.737129958824863],[88.5539395793958,21.73598046342307],[88.5589070290703,21.7302329864141],[88.56095244952449,21.7302329864141],[88.57001074010739,21.733106724918585],[88.5910493504935,21.690000647351344],[88.55686160861609,21.706093582976447],[88.5510175501755,21.70092085366838],[88.54897212972129,21.700058732117036],[88.5480955209552,21.69890923671524],[88.5419592595926,21.69890923671524],[88.54108265082651,21.700058732117036],[88.53991383913839,21.70092085366838],[88.5390372303723,21.702070349070173],[88.53786841868418,21.702932470621516],[88.53611520115201,21.706093582976447],[88.53290096900969,21.709829443032277],[88.52910233102331,21.71385267693855],[88.5270569105691,21.71586429389169]]],[[[88.59893882938829,21.938866401839547],[88.546050100501,21.973063890042894],[88.56913413134131,21.95812044981958],[88.57001074010739,21.95812044981958],[88.575854798548,21.958982571370928],[88.5770236102361,21.958982571370928],[88.59893882938829,21.938866401839547]]],[[[88.5749781897819,21.97507550699603],[88.575854798548,21.979098740902305],[88.5770236102361,21.981110357855446],[88.58608190081901,21.988869451817546],[88.58988053880539,21.988869451817546],[88.59397137971379,21.98685783486441],[88.59514019140191,21.98685783486441],[88.596016800168,21.988007330266203],[88.59806222062221,21.99001894721934],[88.59893882938829,21.99001894721934],[88.59893882938829,21.938866401839547],[88.5770236102361,21.958982571370928],[88.5749781897819,21.97507550699603]]],[[[88.7429948699487,21.84202141423848],[88.73013794137941,21.86501132227434],[88.7318911589116,21.86501132227434],[88.73802742027421,21.862999705321204],[88.7429948699487,21.860988088368067],[88.74591689916899,21.85897647141493],[88.7429948699487,21.84202141423848]]],[[[88.73013794137941,21.86501132227434],[88.7318911589116,21.86501132227434],[88.73802742027421,21.862999705321204],[88.7429948699487,21.860988088368067],[88.74591689916899,21.85897647141493],[88.7529297692977,21.85179212515372],[88.73013794137941,21.86501132227434]]],[[[88.7529297692977,21.85179212515372],[88.7529297692977,21.85179212515372],[88.7429948699487,21.84202141423848],[88.7529297692977,21.85179212515372]]],[[[88.76607890078901,21.903806792084858],[88.7619880598806,21.90696790443979],[88.7599426394264,21.90696790443979],[88.75789721897219,21.907830025991135],[88.7599426394264,21.91214063374786],[88.7619880598806,21.910991138346066],[88.7640334803348,21.91012901679472],[88.7649100891009,21.913002755299203],[88.76695550955509,21.916163867654134],[88.77192295922958,21.916163867654134],[88.76607890078901,21.903806792084858]]],[[[88.76607890078901,21.903806792084858],[88.7619880598806,21.90696790443979],[88.7599426394264,21.90696790443979],[88.75789721897219,21.907830025991135],[88.7599426394264,21.91214063374786],[88.7619880598806,21.910991138346066],[88.7640334803348,21.91012901679472],[88.7649100891009,21.913002755299203],[88.76695550955509,21.916163867654134],[88.77192295922958,21.916163867654134],[88.79588359883599,21.873057790086893],[88.79500699006991,21.870184051582413],[88.79413038130382,21.868172434629273],[88.7929615696157,21.873057790086893],[88.7920849608496,21.877943145544513],[88.79003954039541,21.879092640946308],[88.78887072870728,21.879092640946308],[88.76607890078901,21.903806792084858]]],[[[88.7979290192902,21.85380374210686],[88.785948699487,21.842883535789827],[88.785948699487,21.844033031191618],[88.785948699487,21.84604464814476],[88.79003954039541,21.84891838664924],[88.7979290192902,21.85380374210686]]],[[[88.785948699487,21.842883535789827],[88.78887072870728,21.879092640946308],[88.79003954039541,21.879092640946308],[88.7920849608496,21.877943145544513],[88.7929615696157,21.873057790086893],[88.79413038130382,21.868172434629273],[88.79500699006991,21.870184051582413],[88.79588359883599,21.873057790086893],[88.7979290192902,21.85380374210686],[88.79003954039541,21.84891838664924],[88.785948699487,21.84604464814476],[88.785948699487,21.844033031191618],[88.785948699487,21.842883535789827]]],[[[88.88588209882099,21.84891838664924],[88.8870509105091,21.914152250700997],[88.88500549005491,21.91012901679472],[88.88500549005491,21.902944670533515],[88.88412888128882,21.90179517513172],[88.88208346083461,21.90179517513172],[88.8800380403804,21.902944670533515],[88.9180244202442,21.85380374210686],[88.91510239102391,21.854953237508653],[88.9130569705697,21.85380374210686],[88.9130569705697,21.85093000360238],[88.91510239102391,21.84891838664924],[88.91510239102391,21.844895152742964],[88.91393357933579,21.844895152742964],[88.9130569705697,21.84604464814476],[88.9118881588816,21.848056265097895],[88.9110115501155,21.84891838664924],[88.91013494134941,21.84891838664924],[88.90604410044101,21.84891838664924],[88.90312207122071,21.850067882051032],[88.89289496894969,21.85093000360238],[88.8920183601836,21.85093000360238],[88.8879275192752,21.850067882051032],[88.88588209882099,21.84891838664924]]],[[[88.8999078390784,21.905818409037998],[88.8800380403804,21.902944670533515],[88.88208346083461,21.90179517513172],[88.88412888128882,21.90179517513172],[88.88500549005491,21.902944670533515],[88.88500549005491,21.91012901679472],[88.8870509105091,21.914152250700997],[88.8911417514175,21.907830025991135],[88.8920183601836,21.90696790443979],[88.89289496894969,21.90696790443979],[88.8949403894039,21.907830025991135],[88.896109201092,21.909266895243377],[88.8969858098581,21.91012901679472],[88.8999078390784,21.905818409037998]]],[[[88.9180244202442,21.85380374210686],[88.91510239102391,21.854953237508653],[88.9130569705697,21.85380374210686],[88.9130569705697,21.85093000360238],[88.91510239102391,21.84891838664924],[88.91510239102391,21.844895152742964],[88.91393357933579,21.844895152742964],[88.9130569705697,21.84604464814476],[88.9118881588816,21.848056265097895],[88.9110115501155,21.84891838664924],[88.91013494134941,21.84891838664924],[88.90604410044101,21.84891838664924],[88.90312207122071,21.850067882051032],[88.89289496894969,21.85093000360238],[88.8920183601836,21.85093000360238],[88.8879275192752,21.850067882051032],[88.88588209882099,21.84891838664924],[88.9180244202442,21.85380374210686]]],[[[88.8911417514175,21.907830025991135],[88.8920183601836,21.90696790443979],[88.89289496894969,21.90696790443979],[88.8949403894039,21.907830025991135],[88.896109201092,21.909266895243377],[88.8969858098581,21.91012901679472],[88.8999078390784,21.905818409037998],[88.8911417514175,21.907830025991135]]],[[[88.99312057120571,21.642009214326485],[88.99195175951759,21.644020831279622],[88.96390027900279,21.644020831279622],[88.96302367023671,21.64603244823276],[88.96185485854858,21.652067299092174],[88.96302367023671,21.65810214995159],[88.96302367023671,21.65896427150293],[88.96302367023671,21.66097588845607],[88.96302367023671,21.661838010007415],[88.95893282932829,21.67275821632445],[88.95805622056221,21.67591932867938],[88.95688740887408,21.676781450230724],[88.956010800108,21.676781450230724],[88.99312057120571,21.642009214326485]]],[[[88.98786091860919,21.82506635706203],[88.96886772867728,21.83397494642593],[88.9700365403654,21.837998180332203],[88.9700365403654,21.839147675733997],[88.97091314913149,21.842883535789827],[88.97091314913149,21.844033031191618],[88.97208196081961,21.844895152742964],[88.9729585695857,21.844895152742964],[88.9729585695857,21.84202141423848],[88.97412738127382,21.83713605878086],[88.97909483094831,21.831963329472792],[88.9799714397144,21.83397494642593],[88.98406228062281,21.835124441827723],[88.98406228062281,21.82707797401517],[88.98406228062281,21.824204235510688],[88.9849388893889,21.824204235510688],[88.98786091860919,21.82506635706203]]],[[[88.98786091860919,21.82506635706203],[88.96886772867728,21.83397494642593],[88.9700365403654,21.837998180332203],[88.9700365403654,21.839147675733997],[88.97091314913149,21.842883535789827],[88.97091314913149,21.844033031191618],[88.97208196081961,21.844895152742964],[88.9729585695857,21.844895152742964],[88.9729585695857,21.84202141423848],[88.97412738127382,21.83713605878086],[88.97909483094831,21.831963329472792],[88.9799714397144,21.83397494642593],[88.98406228062281,21.835124441827723],[88.98406228062281,21.82707797401517],[88.98406228062281,21.824204235510688],[88.9849388893889,21.824204235510688],[88.98786091860919,21.82506635706203]]],[[[88.99312057120571,21.642009214326485],[88.99195175951759,21.644020831279622],[88.96390027900279,21.644020831279622],[88.96302367023671,21.64603244823276],[88.96185485854858,21.652067299092174],[88.96302367023671,21.65810214995159],[88.96302367023671,21.65896427150293],[88.96302367023671,21.66097588845607],[88.96302367023671,21.661838010007415],[88.95893282932829,21.67275821632445],[88.95805622056221,21.67591932867938],[88.95688740887408,21.676781450230724],[88.956010800108,21.676781450230724],[88.99312057120571,21.642009214326485]]],[[[89.0030554705547,21.652929420643517],[89.00393207932079,21.65407891604531],[89.00393207932079,21.656090532998448],[89.00510089100891,21.656952654549794],[89.00685410854109,21.65810214995159],[89.0080229202292,21.65810214995159],[89.01211376113761,21.65810214995159],[89.01299036990369,21.65810214995159],[89.0030554705547,21.652929420643517]]],[[[89.0030554705547,21.652929420643517],[89.00393207932079,21.65407891604531],[89.00393207932079,21.656090532998448],[89.00510089100891,21.656952654549794],[89.00685410854109,21.65810214995159],[89.0080229202292,21.65810214995159],[89.01211376113761,21.65810214995159],[89.01299036990369,21.65810214995159],[89.0030554705547,21.652929420643517]]]]}},{"type":"Feature","id":"relation/1960191","properties":{"hasc":"IN.JH","fips":"IN38","name":"Jharkhand","iso3166-2":"IN-JH","hc-group":"admin1","hc-key":"in-jh","hc-a2":"JH","hc-middle-lon":85.645,"hc-middle-lat":23.66},"geometry":{"type":"Polygon","coordinates":[[[83.32789031890319,24.102216748014136],[83.3988956289563,24.493045184623785],[83.5020432604326,24.526093177425338],[84.03414478144782,24.629835137437166],[84.09287756877569,24.495056801576926],[84.31991923919239,24.518046709612786],[84.4920267602676,24.286136012301032],[84.80293066930669,24.530116411331612],[84.9090003300033,24.3829809999021],[85.6780784207842,24.591039667626646],[85.735934599346,24.820938747985263],[86.3229702697027,24.585004816767235],[86.4439422794228,24.36803755967879],[86.60786811868118,24.607994724803095],[87.0511399513995,24.60914422020489],[87.146105901059,25.019226704794573],[87.32785611856119,25.22383688631374],[87.665934899349,25.310049041448224],[87.8240166801668,25.236768709583913],[87.88508709087091,24.827835720396024],[87.9070023100231,24.720070526477922],[87.90904773047731,24.668055859546783],[87.7880757207572,24.572072993497063],[87.8000560405604,24.543048234601788],[87.79888722887229,24.507988624847098],[87.79596519965199,24.50080427858589],[87.7980106201062,24.497068418530063],[87.80385467854678,24.497930540081406],[87.8219712597126,24.495056801576926],[87.81291296912968,24.45597395791596],[87.81291296912968,24.454824462514168],[87.81291296912968,24.45597395791596],[87.79187435874358,24.41401737575051],[87.8099909399094,24.40597090793796],[87.79508859088591,24.3829809999021],[87.7939197791978,24.3829809999021],[87.79508859088591,24.3829809999021],[87.7939197791978,24.3829809999021],[87.64606510065101,24.231822354566308],[87.5750597905979,24.15997889195424],[87.6089553295533,24.13181625461031],[87.57389097890979,24.106239981920414],[87.5800272402724,24.08698593394038],[87.56687810878108,24.084974316987243],[87.45613320133201,23.999911657254554],[87.2840256802568,23.88898535098152],[87.2840256802568,23.888123229430175],[87.2849022890229,23.884962117075244],[87.2840256802568,23.888123229430175],[87.2840256802568,23.88898535098152],[87.1539953799538,23.830073711639624],[87.1589628296283,23.81398077601452],[87.1539953799538,23.803060569697486],[87.12389847898478,23.799037335791212],[87.11805442054421,23.803060569697486],[86.91000594005939,23.881226257019417],[86.805981699817,23.69615749733073],[86.3890081300813,23.574023610890215],[86.31186655866559,23.42516395635801],[86.3180028200282,23.426026077909356],[86.19586199861999,23.454763462954183],[86.09914283142831,23.565977143077664],[85.86508829088291,23.45993619226225],[85.8820360603606,23.167964360206806],[86.14209666096662,23.055026436980636],[86.20813452134522,23.006172882404428],[86.54095364953649,22.967090038743464],[86.48894152941529,22.93806527984819],[86.4451110911109,22.93116830743743],[86.42085824858249,22.789205625315983],[86.78786511865118,22.538040880024194],[86.88487648876489,22.25785137583713],[86.8819544595446,22.25785137583713],[86.87611040110401,22.259862992790268],[86.8740649806498,22.259862992790268],[86.8740649806498,22.25900087123892],[86.8740649806498,22.259862992790268],[86.8740649806498,22.25900087123892],[86.87114295142952,22.259862992790268],[86.8501043410434,22.263886226696542],[86.846013500135,22.263886226696542],[86.8051050910509,22.224803383035578],[86.7250414904149,22.21790641062482],[86.04508529085291,22.567927760470816],[86.0310595505955,22.190031147131336],[85.8989838298383,21.981110357855446],[85.4209398493985,22.158994771282924],[85.02412828128281,22.11991192762196],[85.05685500855009,22.48602621309306],[84.29186775867758,22.34291403556982],[84.00813872138721,22.525971178305365],[84.23488818888188,22.694947002368952],[84.276088800888,22.991804189882018],[84.0309305493055,23.15905577084291],[84.0098919389194,23.633797371783455],[83.7720387603876,23.611094837598042],[83.70512429124291,23.82087774842528],[83.32789031890319,24.102216748014136]]]}},{"type":"Feature","id":"relation/1972004","properties":{"hasc":"IN.CT","fips":"IN37","name":"Chhattisgarh","iso3166-2":"IN-CG","hc-group":"admin1","hc-key":"in-cg","hc-a2":"CH","hc-middle-lon":82.32,"hc-middle-lat":20.944},"geometry":{"type":"Polygon","coordinates":[[[80.27290876908769,18.724015136874733],[80.3930041700417,19.245886049288796],[80.5639428794288,19.400205806979518],[80.7509527495275,19.2869805099029],[80.8950087900879,19.518891207214654],[80.46693150931509,19.824944357942062],[80.55108595085952,20.118927806950644],[80.3950495904959,20.245084927297437],[80.62588989889899,20.337044559440884],[80.6320261602616,20.599129511049707],[80.4640094800948,21.174739333497595],[80.66007764077641,21.333944446645937],[80.6770254102541,21.350899503822383],[80.8169906099061,21.75408501600131],[80.81991263912639,21.76586734386969],[80.8219580595806,21.767878960822827],[80.83189295892959,21.790006747307345],[80.83101635016351,21.790006747307345],[80.83189295892959,21.790006747307345],[80.83101635016351,21.790006747307345],[80.84007464074641,21.80207644902617],[80.83890582905829,21.80207644902617],[80.84007464074641,21.80207644902617],[80.83890582905829,21.802938570577517],[80.83890582905829,21.80207644902617],[80.83890582905829,21.802938570577517],[80.83890582905829,21.805812309081997],[80.83890582905829,21.80696180448379],[80.83890582905829,21.81098503839007],[80.8409512495125,21.81587039384769],[80.83890582905829,21.8469067696961],[80.85205496054961,21.85380374210686],[80.85205496054961,21.854953237508653],[80.85205496054961,21.85380374210686],[80.85205496054961,21.854953237508653],[80.85088614886149,21.85581535906],[80.84708751087511,21.859838592966273],[80.84708751087511,21.862999705321204],[80.8450420904209,21.864149200723],[80.8330617706177,21.890012847263343],[80.83510719107191,21.907830025991135],[80.82692550925509,21.956108832866445],[80.82604890048901,21.95812044981958],[81.02387027870279,22.147212443414546],[81.1109467494675,22.438034780068197],[81.39613680136802,22.440046397021334],[81.6570740107401,22.58402069609592],[81.9969060090601,23.08405119587591],[82.0179446194462,23.082901700474117],[82.04395067950679,23.089798672884875],[82.04891812918129,23.09727039299653],[82.0670347103471,23.11594969327567],[82.145929499295,23.163941126300532],[82.1450528905289,23.16595274325367],[82.1970650106501,23.305903808421977],[81.98288026880269,23.429187190264287],[81.7549619896199,23.56310340457318],[81.7219430594306,23.547010468948077],[81.61002934029341,23.55505693676063],[81.6079839198392,23.901917174251693],[82.5509227492275,23.79099086797866],[82.6640052800528,23.862834330590726],[82.8130287702877,23.959966692042244],[83.1420492604926,23.886111612477038],[83.32789031890319,24.102216748014136],[83.70512429124291,23.82087774842528],[83.7720387603876,23.611094837598042],[84.0098919389194,23.633797371783455],[84.0309305493055,23.15905577084291],[84.276088800888,22.991804189882018],[84.23488818888188,22.694947002368952],[84.00813872138721,22.525971178305365],[83.99995703957039,22.37395041141823],[83.6420084600846,22.219055906026615],[83.1969834098341,21.14715144385456],[82.76014004140042,21.164968622582354],[82.756049200492,21.165830744133697],[82.4650150901509,20.829028591408324],[82.33907563075631,20.850006882491048],[82.43404158041581,20.444809753358985],[82.40014604146042,20.055992933702473],[82.71514079140792,19.996219172809234],[82.70403708037081,19.83184133035282],[82.3449196891969,19.835864564259097],[82.09888482884828,20.040187371927818],[82.09713161131612,20.039037876526024],[81.8540187801878,19.918053485487302],[82.06089844898449,19.795919599046787],[82.0290483304833,19.50797100089762],[82.1780718207182,19.436989659836897],[82.2470317103171,18.920004102880455],[81.76811112111122,18.417961986147326],[81.52412168121681,18.256170508344947],[81.3920459604596,17.815913769458195],[81.08610950109501,17.798096590730403],[80.86111325113251,18.148980062127745],[80.7340049800498,18.41595036919419],[80.27290876908769,18.724015136874733]]]}},{"type":"Feature","id":"relation/1984022","properties":{"hasc":"IN.OR","fips":"IN21","name":"Odisha","iso3166-2":"IN-OD","hc-group":"admin1","hc-key":"in-od","hc-a2":"OD","hc-middle-lon":84.438,"hc-middle-lat":20.19},"geometry":{"type":"MultiPolygon","coordinates":[[[[81.3920459604596,17.815913769458195],[81.52412168121681,18.256170508344947],[81.76811112111122,18.417961986147326],[82.2470317103171,18.920004102880455],[82.1780718207182,19.436989659836897],[82.0290483304833,19.50797100089762],[82.06089844898449,19.795919599046787],[81.8540187801878,19.918053485487302],[82.09713161131612,20.039037876526024],[82.09888482884828,20.040187371927818],[82.3449196891969,19.835864564259097],[82.70403708037081,19.83184133035282],[82.71514079140792,19.996219172809234],[82.40014604146042,20.055992933702473],[82.43404158041581,20.444809753358985],[82.33907563075631,20.850006882491048],[82.4650150901509,20.829028591408324],[82.756049200492,21.165830744133697],[82.76014004140042,21.164968622582354],[83.1969834098341,21.14715144385456],[83.6420084600846,22.219055906026615],[83.99995703957039,22.37395041141823],[84.00813872138721,22.525971178305365],[84.29186775867758,22.34291403556982],[85.05685500855009,22.48602621309306],[85.02412828128281,22.11991192762196],[85.4209398493985,22.158994771282924],[85.8989838298383,21.981110357855446],[86.0310595505955,22.190031147131336],[86.04508529085291,22.567927760470816],[86.7250414904149,22.21790641062482],[86.9669855098551,22.080829083960996],[87.1618848588486,21.94892448660524],[87.1680211202112,21.9719143946411],[87.16889772897729,21.97507550699603],[87.28607110071101,21.80380069212886],[87.2930839708397,21.81098503839007],[87.40090684906849,21.767878960822827],[87.4190234302343,21.769890577775964],[87.44590609906099,21.74402693123562],[87.47191215912159,21.69890923671524],[87.4850612906129,21.61585819393569],[86.98013464134641,21.40808690006159],[86.83111115111151,21.110942338698077],[86.99211496114961,20.673846712166256],[86.75396957969579,20.497973915691915],[86.7180286202862,20.287903631014228],[86.4080013200132,19.99506967740744],[85.44986793867939,19.666888740195514],[85.46389367893678,19.903110045263993],[85.22107305073051,19.736145838153547],[85.40486868868689,19.64591044911279],[84.7199450394504,19.107084479522282],[84.69306237062371,19.160823389556107],[84.68312747127472,19.1619728849579],[84.6691017310173,19.160823389556107],[84.65595259952599,19.131223882959937],[84.2080055200552,18.788961627076045],[84.1939797797978,18.788961627076045],[84.15891542915429,18.78608788857156],[84.0849880898809,18.76597171904018],[84.05985863858639,18.784938393169767],[84.0589820298203,18.798732337991286],[83.9879767197672,18.81108941356056],[83.72411748117482,19.0208723243878],[83.46785551855518,19.088117805392695],[83.46785551855518,19.0869683099909],[83.46785551855518,19.088117805392695],[83.46785551855518,19.0869683099909],[83.41613560135602,19.00104352870687],[83.36587669876698,19.00908999651942],[83.36587669876698,19.009952118070764],[83.36587669876698,19.00908999651942],[83.36587669876698,19.009952118070764],[83.4149667896679,18.87287479140694],[83.1379584195842,18.784938393169767],[83.02399927999281,18.59009892256584],[82.99507119071191,18.382040254841293],[82.72507569075691,18.32399073705074],[82.47407338073381,18.542969611092325],[82.35193255932559,18.31709376463998],[82.33586139861399,18.050985579124884],[82.03693780937809,18.06794063630133],[81.61791881918819,17.823098115719404],[81.3920459604596,17.815913769458195]]],[[[84.75004194041941,19.0869683099909],[84.75004194041941,19.0869683099909],[84.76611310113101,19.079209216028797],[84.75004194041941,19.0869683099909]]]]}},{"type":"Feature","id":"relation/2018151","properties":{"hasc":"IN.KL","fips":"IN13","name":"Kerala","iso3166-2":"IN-KL","hc-group":"admin1","hc-key":"in-kl","hc-a2":"KE","hc-middle-lon":76.138,"hc-middle-lat":10.546},"geometry":{"type":"MultiPolygon","coordinates":[[[[74.86394047940479,12.759858244671307],[75.1619874598746,12.672783967985481],[75.4319829598296,12.307819177916176],[75.82908673086732,11.985960465414113],[76.11310797107971,11.979063493003352],[76.41787561875618,11.74198006638353],[76.4310247502475,11.665825996014737],[76.23291116911169,11.568981008413669],[76.69809822098222,11.239937949650399],[76.65602100021,10.93877015438061],[76.82608310083101,10.872961542627955],[76.90789991899919,10.776978676578233],[76.8290051300513,10.307984552646655],[77.1770188101881,10.357987602624654],[77.2880559205592,10.23211785612831],[77.1700059400594,9.609953469907802],[77.39295676956769,9.459082198422461],[77.14692190921909,9.02198657189064],[77.245978699787,8.603857619488403],[77.09695520955209,8.29521810410696],[76.52891272912728,8.96393705410009],[76.3220330603306,9.470864526290839],[76.27703381033811,9.809103548268455],[75.846034500345,11.066076770129195],[75.536007200072,11.69197701640553],[75.53103975039751,11.704046718124356],[75.2069867098671,12.010099868851768],[74.86394047940479,12.759858244671307]]]]}},{"type":"Feature","id":"relation/2019939","properties":{"hasc":"IN.KA","fips":"IN19","name":"Karnataka","iso3166-2":"IN-KA","hc-group":"admin1","hc-key":"in-ka","hc-a2":"KA","hc-middle-lon":76.337,"hc-middle-lat":15.036},"geometry":{"type":"MultiPolygon","coordinates":[[[[74.08492748927489,14.899931308959586],[74.29911223112231,15.041031869529686],[74.2500221402214,15.658023526442125],[74.11794641946419,15.651988675582711],[74.3689487294873,15.785904889891608],[74.50511529115292,16.223000516423426],[74.34411148111481,16.292257614381462],[74.32307287072871,16.556928930644318],[74.9220888608886,16.77102244922828],[74.9679647196472,16.950918479608898],[75.675972399724,16.969023032187142],[75.6330185701857,17.478249495181476],[75.9319421594216,17.321918120537617],[76.34394827948279,17.35611560874096],[76.33109135091351,17.598084390818407],[76.7010202502025,17.729126866622817],[76.95289916899169,18.042076989760986],[76.9190036300363,18.12110479863426],[76.99906723067231,18.1642108762015],[77.16386967869678,18.258182125298088],[77.1650384903849,18.258182125298088],[77.16386967869678,18.258182125298088],[77.1650384903849,18.258182125298088],[77.2129597695977,18.2808846594835],[77.2018560585606,18.311058913780567],[77.2009794497945,18.311058913780567],[77.2018560585606,18.311058913780567],[77.2009794497945,18.311058913780567],[77.24013464134642,18.409053396783428],[77.39208016080161,18.401006928970876],[77.54986973869738,18.291804865800533],[77.596037800378,18.155877034538502],[77.58405748057481,17.87683702575323],[77.5828886688867,17.87683702575323],[77.58405748057481,17.87683702575323],[77.5828886688867,17.87683702575323],[77.58405748057481,17.87683702575323],[77.5828886688867,17.87683702575323],[77.546071100711,17.7320006051273],[77.5329219692197,17.729126866622817],[77.46308547085471,17.70096422927889],[77.49493558935589,17.561875285661923],[77.61210896108962,17.5408969945792],[77.65389397893979,17.523079815851407],[77.47506579065791,17.36301258115172],[77.4478909189092,17.308124175716102],[77.466007500075,16.91384725290107],[77.42889772897729,16.732801727118662],[77.4478909189092,16.679062817084834],[77.28688710887108,16.40893139766346],[77.596037800378,16.316971765520012],[77.4899681396814,16.120120677962944],[77.5130521705217,15.9281549458635],[77.07211796117961,15.91005039328526],[77.0829294692947,15.005972259774996],[76.8669915099151,14.970050528468963],[76.7650126901269,14.602211999895175],[76.9400422404224,14.245006303787974],[77.1399090390904,14.340127048286352],[77.5039938799388,14.263972977917561],[77.33188635886358,14.030912785204013],[76.8950429904299,14.167990111867837],[77.1729279692797,13.76193086118443],[77.2480241202412,13.901019804801393],[77.5250324903249,13.691236893974155],[77.9680121201212,13.960218817993738],[78.06911433114331,13.698133866384914],[78.4069009090091,13.576862101495742],[78.36511589115891,13.361906461360435],[78.56907353073531,13.161032139897095],[78.2309947499475,12.7610077400731],[77.92505829058291,12.890900720475718],[77.80613170131701,12.79405573287465],[77.7739893798938,12.723936513365274],[77.76902193021931,12.713016307048239],[77.76493108931089,12.70295822228255],[77.76493108931089,12.702096100731204],[77.76493108931089,12.70295822228255],[77.76493108931089,12.702096100731204],[77.59808322083221,12.66789861252786],[77.61386217862179,12.3621328356509],[77.47214376143762,12.207813077960179],[77.7310355503555,12.180225188317143],[77.67610140101401,11.952050351061215],[77.4280211202112,11.760946740513116],[76.9070233102331,11.796006350267804],[76.83601800018,11.654905789697704],[76.85092034920349,11.620995675344806],[76.85413458134582,11.615822946036738],[76.4310247502475,11.665825996014737],[76.41787561875618,11.74198006638353],[76.11310797107971,11.979063493003352],[75.82908673086732,11.985960465414113],[75.4319829598296,12.307819177916176],[75.1619874598746,12.672783967985481],[74.86394047940479,12.759858244671307],[74.6070941109411,13.869121307401635],[74.32190405904059,14.519160957115625],[74.32190405904059,14.518011461713833],[74.32190405904059,14.519160957115625],[74.31109255092551,14.523184191021901],[74.31109255092551,14.524046312573246],[74.08492748927489,14.899931308959586]]],[[[74.31109255092551,14.523184191021901],[74.31109255092551,14.523184191021901],[74.31109255092551,14.524046312573246],[74.31109255092551,14.523184191021901]]],[[[74.32190405904059,14.519160957115625],[74.32190405904059,14.519160957115625],[74.32190405904059,14.518011461713833],[74.32190405904059,14.519160957115625]]]]}},{"type":"Feature","id":"relation/2022095","properties":{"hasc":"IN.AD","fips":"IN02","name":"Andhra Pradesh","iso3166-2":"IN-AP","hc-group":"admin1","hc-key":"in-ap","hc-a2":"AP","hc-middle-lon":80.763,"hc-middle-lat":15.896},"geometry":{"type":"MultiPolygon","coordinates":[[[[78.2309947499475,12.7610077400731],[78.56907353073531,13.161032139897095],[78.36511589115891,13.361906461360435],[78.4069009090091,13.576862101495742],[78.06911433114331,13.698133866384914],[77.9680121201212,13.960218817993738],[77.5250324903249,13.691236893974155],[77.2480241202412,13.901019804801393],[77.1729279692797,13.76193086118443],[76.8950429904299,14.167990111867837],[77.33188635886358,14.030912785204013],[77.5039938799388,14.263972977917561],[77.1399090390904,14.340127048286352],[76.9400422404224,14.245006303787974],[76.7650126901269,14.602211999895175],[76.8669915099151,14.970050528468963],[77.0829294692947,15.005972259774996],[77.07211796117961,15.91005039328526],[77.5130521705217,15.9281549458635],[78.17606060060601,15.858035726354121],[78.4069009090091,16.075002983442566],[78.7829660696607,16.020976699558293],[79.0079623196232,16.239955573599875],[79.2230236702367,16.23880607819808],[79.22185485854858,16.51497234847887],[79.78814412144122,16.72992798861418],[79.9649268892689,16.64486532888149],[80.0549253892539,16.97074727528983],[80.36290726907269,16.977069499999693],[80.5800140401404,17.152942296474034],[80.85614580145801,17.046039224107275],[80.9189694296943,17.219900403628483],[81.17114055140551,17.230820609945514],[81.3140277802778,17.4081302756721],[80.8570224102241,17.601820250874233],[80.8999762397624,17.6819975551493],[80.89413218132181,17.6819975551493],[81.08610950109501,17.798096590730403],[81.3920459604596,17.815913769458195],[81.61791881918819,17.823098115719404],[82.03693780937809,18.06794063630133],[82.33586139861399,18.050985579124884],[82.35193255932559,18.31709376463998],[82.47407338073381,18.542969611092325],[82.72507569075691,18.32399073705074],[82.99507119071191,18.382040254841293],[83.02399927999281,18.59009892256584],[83.1379584195842,18.784938393169767],[83.4149667896679,18.87287479140694],[83.36587669876698,19.009952118070764],[83.36587669876698,19.00908999651942],[83.36587669876698,19.009952118070764],[83.36587669876698,19.00908999651942],[83.41613560135602,19.00104352870687],[83.46785551855518,19.0869683099909],[83.46785551855518,19.088117805392695],[83.46785551855518,19.0869683099909],[83.46785551855518,19.088117805392695],[83.72411748117482,19.0208723243878],[83.9879767197672,18.81108941356056],[84.0589820298203,18.798732337991286],[84.05985863858639,18.784938393169767],[84.0849880898809,18.76597171904018],[84.15891542915429,18.78608788857156],[84.1939797797978,18.788961627076045],[84.2080055200552,18.788961627076045],[84.65595259952599,19.131223882959937],[84.6691017310173,19.160823389556107],[84.68312747127472,19.1619728849579],[84.69306237062371,19.160823389556107],[84.7199450394504,19.107084479522282],[84.75004194041941,19.0869683099909],[84.76611310113101,19.079209216028797],[84.11508499084991,18.30416194136981],[83.57187975879759,18.01305223086571],[83.1610424504245,17.559863668708786],[82.47494998949989,17.206106458806964],[82.2549211892119,16.885109867856244],[82.30693330933309,16.579918838680182],[81.726033900339,16.31409802701553],[81.24886652866529,16.319845504024496],[81.13987483874838,15.976146378888362],[80.81611400114001,15.722970016643433],[80.6700125401254,15.908038776332123],[80.2629738697387,15.674978583618575],[80.04791251912519,15.089023302554548],[80.18086484864848,14.522034695620107],[80.1209632496325,14.242132565283491],[80.2679413194132,13.56393027822557],[80.26209726097261,13.552147950357192],[80.11687240872409,13.50415651733233],[79.94593369933699,13.38116050934047],[79.6949313893139,13.266785716862058],[79.6949313893139,13.268797333815197],[79.44013044130442,13.236036714864092],[79.16312207122071,13.019931579326993],[78.8130629706297,13.088901303434579],[78.62108565085651,12.990906820431718],[78.50391227912279,12.715027924001376],[78.2309947499475,12.7610077400731]],[[82.20086364863648,16.733951222520453],[82.20086364863648,16.7348133440718],[82.20086364863648,16.733951222520453],[82.20086364863648,16.7348133440718],[82.20495448954489,16.7348133440718],[82.2148893888939,16.752055775098697],[82.21605820058201,16.752055775098697],[82.2148893888939,16.752055775098697],[82.21605820058201,16.752055775098697],[82.1999870398704,16.7348133440718],[82.20086364863648,16.733951222520453]]],[[[80.14989133891339,13.493811058716194],[80.14989133891339,13.493811058716194],[80.17414418144182,13.489787824809916],[80.14989133891339,13.493811058716194]]],[[[80.19810482104822,13.488925703258573],[80.19810482104822,13.488925703258573],[80.20891632916329,13.488063581707227],[80.19810482104822,13.488925703258573]]],[[[80.23988983889839,13.475131758437055],[80.23988983889839,13.475131758437055],[80.21388377883778,13.488063581707227],[80.23988983889839,13.475131758437055]]],[[[80.24105865058651,13.47398226303526],[80.24105865058651,13.47398226303526],[80.2419352593526,13.473120141483918],[80.24105865058651,13.47398226303526]]]]}},{"type":"Feature","id":"relation/2025855","properties":{"hasc":"IN.AN","fips":"IN01","name":"Andaman and Nicobar Islands","iso3166-2":"IN-AN","hc-group":"admin1","hc-key":"in-an","hc-a2":"AA","hc-middle-lon":93.073,"hc-middle-lat":10.216},"geometry":{"type":"MultiPolygon","coordinates":[[[[92.375953799538,10.774967059625094],[92.5229318693187,10.894801955262025],[92.5690999309993,10.580989710572512],[92.3800446404464,10.537021511453926],[92.375953799538,10.774967059625094]]],[[[92.7400386403864,11.997168045581596],[92.71607800078002,11.49914916275474],[92.52497728977289,11.850894755703425],[92.70614310143101,12.198042367044936],[92.70614310143101,12.196892871643144],[92.7070197101971,12.196030750091797],[92.7070197101971,12.196892871643144],[92.7119871598716,12.169879729701005],[92.7429606696067,11.995156428628457],[92.7429606696067,11.996018550179802],[92.74208406084061,11.997168045581596],[92.7400386403864,11.997168045581596]]],[[[92.70614310143101,12.196892871643144],[92.70614310143101,12.198042367044936],[92.7070197101971,12.196892871643144],[92.7070197101971,12.196030750091797],[92.7070197101971,12.196892871643144],[92.70614310143101,12.196892871643144]]],[[[92.8428940689407,12.416159119535173],[92.89286076860769,12.340867170717727],[92.73390237902379,12.318164636532313],[92.73711661116612,12.806987556144824],[92.8309137491375,12.884865869616306],[92.8350045900459,12.886015365018098],[92.91886682866829,12.43685003676745],[92.8440628806288,12.419032858039657],[92.8440628806288,12.418170736488312],[92.8428940689407,12.41702124108652],[92.8428940689407,12.416159119535173]]],[[[92.7429606696067,11.995156428628457],[92.7400386403864,11.997168045581596],[92.74208406084061,11.997168045581596],[92.7429606696067,11.996018550179802],[92.7429606696067,11.995156428628457]]],[[[92.75786301863019,12.148901438618282],[92.86188725887258,12.241148444612177],[92.7590318303183,12.075046359053076],[92.75494098940989,12.141142344656178],[92.756109801098,12.142004466207524],[92.756109801098,12.144016083160661],[92.7569864098641,12.145165578562455],[92.7590318303183,12.146027700113798],[92.75786301863019,12.148901438618282]]],[[[92.75494098940989,12.141142344656178],[92.75786301863019,12.148901438618282],[92.7590318303183,12.146027700113798],[92.7569864098641,12.145165578562455],[92.756109801098,12.144016083160661],[92.756109801098,12.142004466207524],[92.75494098940989,12.141142344656178]]],[[[92.75494098940989,11.637088610969911],[92.75494098940989,11.637088610969911],[92.75494098940989,11.637088610969911],[92.75494098940989,11.637088610969911]]],[[[93.03691680916809,13.359894844407297],[93.03487138871388,13.08200433102382],[92.81192055920559,12.899809309839615],[92.8469849098491,13.344951404183988],[93.04889712897129,13.379148892387331],[93.0480205202052,13.37799939698554],[93.04714391143912,13.377137275434194],[93.03691680916809,13.371964546126126],[93.03691680916809,13.370240303023436],[93.0389622296223,13.369090807621642],[93.0410076500765,13.368228686070298],[93.036040200402,13.360756965958643],[93.03691680916809,13.359894844407297]]],[[[92.8309137491375,12.884865869616306],[92.8309137491375,12.884865869616306],[92.8309137491375,12.884865869616306],[92.8309137491375,12.884865869616306]]],[[[92.8350045900459,12.886015365018098],[92.8350045900459,12.886015365018098],[92.8350045900459,12.886015365018098],[92.8350045900459,12.886015365018098]]],[[[92.8428940689407,12.416159119535173],[92.8428940689407,12.41702124108652],[92.8440628806288,12.418170736488312],[92.8440628806288,12.419032858039657],[92.8428940689407,12.416159119535173]]],[[[93.036040200402,13.360756965958643],[93.036040200402,13.360756965958643],[93.03691680916809,13.359894844407297],[93.036040200402,13.360756965958643]]],[[[93.03691680916809,13.371964546126126],[93.0410076500765,13.368228686070298],[93.0389622296223,13.369090807621642],[93.03691680916809,13.370240303023436],[93.03691680916809,13.371964546126126]]],[[[93.04889712897129,13.379148892387331],[93.0480205202052,13.37799939698554],[93.04714391143912,13.377137275434194],[93.0480205202052,13.37799939698554],[93.04889712897129,13.379148892387331]]],[[[93.51203876038761,8.074227613112239],[93.51203876038761,8.074227613112239],[93.50590249902498,8.162164011349411],[93.51203876038761,8.074227613112239]]],[[[93.51203876038761,8.074227613112239],[93.51203876038761,8.074227613112239],[93.51203876038761,8.074227613112239],[93.51203876038761,8.074227613112239]]],[[[93.6829774697747,7.385105119737284],[93.6990486304863,7.392002092148043],[93.66895172951729,7.373897539569802],[93.66807512075121,7.373897539569802],[93.66807512075121,7.373035418018457],[93.6669063090631,7.36585107175725],[93.666029700297,7.364988950205905],[93.6821008610086,7.385105119737284],[93.6829774697747,7.385105119737284]]],[[[93.7890471304713,6.900018060180602],[93.68502289022891,7.1848055459748394],[93.86501989019891,7.20118585545039],[93.7890471304713,6.900018060180602]]],[[[93.666029700297,7.364988950205905],[93.666029700297,7.364988950205905],[93.6669063090631,7.364988950205905],[93.666029700297,7.364988950205905]]],[[[93.6669063090631,7.36585107175725],[93.6669063090631,7.36585107175725],[93.6669063090631,7.364988950205905],[93.6669063090631,7.36585107175725]]],[[[93.66807512075121,7.373035418018457],[93.66807512075121,7.373897539569802],[93.66895172951729,7.373897539569802],[93.66807512075121,7.373035418018457]]],[[[93.6821008610086,7.385105119737284],[93.6821008610086,7.385105119737284],[93.6829774697747,7.385105119737284],[93.6821008610086,7.385105119737284]]],[[[93.7890471304713,6.900018060180602],[93.7890471304713,6.900018060180602],[93.78612510125102,6.902891798685085],[93.7890471304713,6.900018060180602]]]]}},{"type":"Feature","id":"relation/2025886","properties":{"hasc":"IN.AS","fips":"IN03","name":"Assam","iso3166-2":"IN-AS","hc-group":"admin1","hc-key":"in-as","hc-a2":"AS","hc-middle-lon":92.856,"hc-middle-lat":26.053},"geometry":{"type":"Polygon","coordinates":[[[89.7189526295263,26.166135741933623],[89.73590039900398,26.173032714344384],[89.82005484054841,26.371033297303242],[89.86213206132061,26.700938477617857],[90.41585659856598,26.904111789884784],[90.69111175111752,26.77191981867858],[91.69190675906759,26.80697942843327],[92.11501659016591,26.89520320052089],[92.6590984309843,27.03802800419368],[93.0190924309243,26.917043613154956],[93.6590168301683,26.967046663132955],[94.21712441124411,27.609039845034395],[94.4789382293823,27.577141347634637],[94.90204806048061,27.782038903004253],[95.9709263492635,27.963084428786665],[95.7941435814358,27.636915108527877],[95.78888392883928,27.63490349157474],[96.01212696126962,27.363909950602018],[95.1951275912759,27.03314264873606],[94.5680601206012,26.688006654347685],[94.5709821498215,26.68685715894589],[94.46491248912488,26.633118248912066],[94.4041342813428,26.54891771073072],[94.40208886088861,26.542020738319962],[94.2939737797378,26.470752023408792],[94.0470623106231,26.249186784713174],[93.9789790297903,25.91698261359497],[93.78612510125102,25.950030606396524],[93.5471031110311,25.712947179776698],[93.5170062100621,25.679037065423802],[93.47288356883568,25.643977455669113],[93.41005994059941,25.613228453671148],[93.40187825878259,25.605756733559495],[93.3799630396304,25.57615722696332],[93.3469441094411,25.531039532442943],[93.34986613866138,25.532189027844737],[93.3770410104101,25.495979922688253],[93.38814472144722,25.476151127007324],[93.3869759097591,25.472127893101046],[93.38609930099301,25.467817285344324],[93.38989793897939,25.463794051438047],[93.396034200342,25.46005819138222],[93.39807962079621,25.458908695980426],[93.47113035130351,25.305163685990603],[93.38200846008459,25.22786012022002],[93.38200846008459,25.226997998668672],[93.38200846008459,25.22786012022002],[93.38200846008459,25.226997998668672],[93.35687900879009,25.18791515500771],[93.19587519875199,24.853986740786816],[93.13597359973599,24.81001854166823],[93.00886532865329,24.412005758797374],[93.005943299433,24.409994141844237],[93.0071121111211,24.409994141844237],[93.005943299433,24.409994141844237],[93.0071121111211,24.409994141844237],[92.8180568205682,24.4079825248911],[92.8180568205682,24.408844646442443],[92.8180568205682,24.4079825248911],[92.8180568205682,24.408844646442443],[92.8180568205682,24.409994141844237],[92.8089985299853,24.41401737575051],[92.80812192121921,24.41602899270365],[92.79994023940239,24.41890273120813],[92.79994023940239,24.419764852759478],[92.79994023940239,24.41890273120813],[92.79906363063631,24.419764852759478],[92.79994023940239,24.419764852759478],[92.79906363063631,24.419764852759478],[92.79994023940239,24.419764852759478],[92.8019856598566,24.428098694422477],[92.63893642936429,24.334127445325894],[92.6219886598866,24.32579360366289],[92.6170212102121,24.27981378759117],[92.4750105901059,24.143023834777793],[92.45104995049951,24.144748077880482],[92.2970590105901,24.251938524097685],[92.2149499894999,24.502815895539026],[92.24592349923499,24.908875146222435],[92.42387507875078,25.032158528064745],[92.8019856598566,25.220101026257915],[92.55390537905379,25.59799763959739],[92.1500809408094,25.793986605603113],[92.1500809408094,25.798009839509387],[92.1500809408094,25.801170951864318],[92.28011124111241,26.068141258930762],[91.91398097980979,25.99888416097273],[91.22408988089882,25.72300526454239],[90.95409438094381,25.93508716617321],[90.4740049800498,26.008942245738417],[90.116056400564,25.95692757880728],[89.89398217982179,25.731051732354942],[89.85307377073771,25.466955163792978],[89.8390480304803,25.96583616817118],[89.7189526295263,26.166135741933623]]]}},{"type":"Feature","id":"relation/2026458","properties":{"hasc":"IN.TR","fips":"IN26","name":"Tripura","iso3166-2":"IN-TR","hc-group":"admin1","hc-key":"in-tr","hc-a2":"TR","hc-middle-lon":91.743,"hc-middle-lat":23.734},"geometry":{"type":"Polygon","coordinates":[[[92.26608550085501,23.72776862088004],[92.06592649926499,23.64816606430587],[91.7640808808088,23.311076537730045],[91.8070347103471,23.06393502634453],[91.61593399934,22.938927401399535],[91.50811112111121,23.17888456652384],[91.3479839198392,23.1030178700055],[91.16009744097441,23.663109504529178],[91.376035400354,24.10509048651862],[91.7480097200972,24.236995083874376],[91.91485758857588,24.149058685637204],[91.97212936129361,24.3829809999021],[92.2149499894999,24.502815895539026],[92.2970590105901,24.251938524097685],[92.32890912909129,24.189003650849514],[92.3218962589626,24.076065727623345],[92.32014304143041,24.02893641614983],[92.3210196501965,24.017154088281448],[92.32394167941679,24.012268732823827],[92.31196135961359,23.953069719631486],[92.3140067800678,23.941000017912657],[92.31313017130171,23.93898840095952],[92.3300779407794,23.921171222231727],[92.3218962589626,23.89387070643914],[92.3210196501965,23.88898535098152],[92.3180976209762,23.864845947543866],[92.32014304143041,23.86398382599252],[92.26608550085501,23.72776862088004]]]}},{"type":"Feature","id":"relation/2027346","properties":{"hasc":"IN.AR","fips":"IN30","name":"Arunachal Pradesh","iso3166-2":"IN-AR","hc-group":"admin1","hc-key":"in-ar","hc-a2":"AR","hc-middle-lon":94.479,"hc-middle-lat":28.017},"geometry":{"type":"Polygon","coordinates":[[[92.11501659016591,26.89520320052089],[92.0180052200522,27.480008986183122],[91.6509983499835,27.48518171549119],[91.65713461134611,27.83089245758046],[91.8739491794918,27.721115646709222],[92.2438780787808,27.887792479969217],[92.32014304143041,27.80071820328339],[92.7330257702577,27.986074336822526],[92.6780916209162,28.151026926979835],[92.9179902199022,28.19988048155604],[93.5219736597366,28.674047334795688],[93.7069381093811,28.66398925003],[94.36585569855698,29.025792927744373],[94.27585719857198,29.1128672044302],[94.6939995799958,29.318052133650266],[94.8100041400414,29.164881871361338],[95.29885962859629,29.13614448631651],[95.81196795967959,29.347939014096887],[96.1389430294303,29.343053658639267],[96.6310127501275,28.736120086492516],[96.6140649806498,28.613986200052],[97.3629810698107,28.199018360004697],[97.396,28.01193798336287],[96.90393027930278,27.61794843439829],[97.16311427114272,27.144068955009093],[96.88990453904539,27.175967452408848],[96.7771142111421,27.356150856639918],[96.02293846938468,27.18114018171692],[95.4399936399364,26.7018005991692],[95.2339905799058,26.68197180348827],[95.22697770977709,26.710134440832203],[95.22785431854318,26.773931435631717],[95.2290231302313,26.775943052584857],[95.23808142081421,26.78398952039741],[95.19688080880809,26.83485469192675],[95.20214046140461,26.846062272094233],[95.20886112861129,26.94807998900337],[95.20886112861129,26.952965344460992],[95.2030170701707,26.959000195320403],[95.20886112861129,26.963885550778027],[95.2030170701707,26.97796686944999],[95.2038936789368,26.97796686944999],[95.2030170701707,26.97796686944999],[95.2038936789368,26.97796686944999],[95.2038936789368,26.978828991001336],[95.2009716497165,26.981990103356267],[95.1919133591336,26.9851512157112],[95.1951275912759,27.03314264873606],[96.01212696126962,27.363909950602018],[95.78888392883928,27.63490349157474],[95.7941435814358,27.636915108527877],[95.9709263492635,27.963084428786665],[94.90204806048061,27.782038903004253],[94.4789382293823,27.577141347634637],[94.21712441124411,27.609039845034395],[93.6590168301683,26.967046663132955],[93.0190924309243,26.917043613154956],[92.6590984309843,27.03802800419368],[92.11501659016591,26.89520320052089]]]}},{"type":"Feature","id":"relation/2027460","properties":{"hasc":"IN.LD","fips":"IN14","name":"Lakshadweep","iso3166-2":"IN-LD","hc-group":"admin1","hc-key":"in-ld","hc-a2":"LA","hc-middle-lon":72.928,"hc-middle-lat":9.972},"geometry":{"type":"MultiPolygon","coordinates":[[[[72.1730437704377,10.829855465060716],[72.17888782887829,10.8488221391903],[72.1850240902409,10.858018102404646],[72.18911493114932,10.865202448665853],[72.19612780127801,10.872961542627955],[72.19992643926439,10.877846898085576],[72.19992643926439,10.86405295326406],[72.1879461194612,10.835890315920128],[72.1730437704377,10.80916454782844],[72.1730437704377,10.829855465060716]]],[[[72.62712711127111,10.555126064032168],[72.63209456094562,10.560011419489788],[72.6490423304233,10.573805364311305],[72.65108775087751,10.57294324275996],[72.64991893918939,10.570931625806823],[72.64991893918939,10.568920008853684],[72.64991893918939,10.566908391900547],[72.63910743107431,10.558861924087996],[72.6329711697117,10.556850307134857],[72.62712711127111,10.555126064032168]]],[[[73.0218932589326,8.273952439173788],[73.0289061290613,8.273952439173788],[73.0289061290613,8.263032232856753],[73.0289061290613,8.260158494352272],[73.04789931899319,8.267917588314374],[73.06309387093872,8.278837794631409],[73.0730287702877,8.29521810410696],[73.07711961119611,8.315046899787891],[73.0820870608706,8.315909021339236],[73.0829636696367,8.313897404386099],[73.0829636696367,8.31188578743296],[73.08413248132481,8.308149927377134],[73.066015900159,8.269929205267513],[73.0569576095761,8.260158494352272],[73.0449772897729,8.25211202653972],[73.0329969699697,8.249238288035237],[73.02393867938679,8.254985765044202],[73.0218932589326,8.273952439173788]]],[[[73.67087594875949,10.829855465060716],[73.6811030510305,10.828131221958026],[73.6840250802508,10.828131221958026],[73.67613560135601,10.82410798805175],[73.6729213692137,10.824970109603095],[73.6720447604476,10.826981726556232],[73.67087594875949,10.829855465060716]]]]}},{"type":"Feature","id":"relation/2027521","properties":{"hasc":"IN.ML","fips":"IN18","name":"Meghalaya","iso3166-2":"IN-ML","hc-group":"admin1","hc-key":"in-ml","hc-a2":"ME","hc-middle-lon":91.308,"hc-middle-lat":25.575},"geometry":{"type":"Polygon","coordinates":[[[92.42387507875078,25.032158528064745],[92.0469333093331,25.187053033456362],[91.6419400594006,25.122968664806397],[91.1948695886959,25.20199647367967],[90.4409860498605,25.144809077440467],[89.8139185791858,25.373846036247738],[89.85307377073771,25.466955163792978],[89.89398217982179,25.731051732354942],[90.116056400564,25.95692757880728],[90.4740049800498,26.008942245738417],[90.95409438094381,25.93508716617321],[91.22408988089882,25.72300526454239],[91.91398097980979,25.99888416097273],[92.28011124111241,26.068141258930762],[92.1500809408094,25.801170951864318],[92.1500809408094,25.798009839509387],[92.1500809408094,25.793986605603113],[92.55390537905379,25.59799763959739],[92.8019856598566,25.220101026257915],[92.42387507875078,25.032158528064745]]]}},{"type":"Feature","id":"relation/2027869","properties":{"hasc":"IN.MN","fips":"IN17","name":"Manipur","iso3166-2":"IN-MN","hc-group":"admin1","hc-key":"in-mn","hc-a2":"MN","hc-middle-lon":93.858,"hc-middle-lat":24.763},"geometry":{"type":"Polygon","coordinates":[[[93.3250288902889,24.04876521183076],[93.1190258302583,24.059110670446895],[92.97409318093182,24.111987458929377],[93.00886532865329,24.412005758797374],[93.13597359973599,24.81001854166823],[93.19587519875199,24.853986740786816],[93.35687900879009,25.18791515500771],[93.38200846008459,25.226997998668672],[93.38200846008459,25.22786012022002],[93.38200846008459,25.226997998668672],[93.38200846008459,25.22786012022002],[93.47113035130351,25.305163685990603],[93.6099267392674,25.20400809063281],[94.03011454114541,25.5801804608696],[94.0730683706837,25.556041057431944],[94.08592529925299,25.531039532442943],[94.39390717907179,25.533913270947426],[94.466081300813,25.612078958269358],[94.46987993879938,25.614090575222495],[94.57185875858758,25.605756733559495],[94.6820192601926,25.45689707902729],[94.58588449884499,25.268092459282776],[94.71386937869379,24.930140811155606],[94.2600782407824,24.164002125860517],[94.15605400054,23.847028768816074],[93.7569048090481,24.005946508113965],[93.3250288902889,24.04876521183076]]]}},{"type":"Feature","id":"relation/2027973","properties":{"hasc":"IN.NL","fips":"IN20","name":"Nagaland","iso3166-2":"IN-NL","hc-group":"admin1","hc-key":"in-nl","hc-a2":"NA","hc-middle-lon":94.285,"hc-middle-lat":26.117},"geometry":{"type":"Polygon","coordinates":[[[93.47113035130351,25.305163685990603],[93.39807962079621,25.458908695980426],[93.396034200342,25.46005819138222],[93.38989793897939,25.463794051438047],[93.38609930099301,25.467817285344324],[93.3869759097591,25.472127893101046],[93.38814472144722,25.476151127007324],[93.3770410104101,25.495979922688253],[93.34986613866138,25.532189027844737],[93.3469441094411,25.531039532442943],[93.3799630396304,25.57615722696332],[93.40187825878259,25.605756733559495],[93.41005994059941,25.613228453671148],[93.47288356883568,25.643977455669113],[93.5170062100621,25.679037065423802],[93.5471031110311,25.712947179776698],[93.78612510125102,25.950030606396524],[93.9789790297903,25.91698261359497],[94.0470623106231,26.249186784713174],[94.2939737797378,26.470752023408792],[94.40208886088861,26.542020738319962],[94.4041342813428,26.54891771073072],[94.46491248912488,26.633118248912066],[94.5709821498215,26.68685715894589],[94.5680601206012,26.688006654347685],[95.1951275912759,27.03314264873606],[95.1919133591336,26.9851512157112],[95.2009716497165,26.981990103356267],[95.2038936789368,26.978828991001336],[95.2038936789368,26.97796686944999],[95.2030170701707,26.97796686944999],[95.2038936789368,26.97796686944999],[95.2030170701707,26.97796686944999],[95.20886112861129,26.963885550778027],[95.2030170701707,26.959000195320403],[95.20886112861129,26.952965344460992],[95.20886112861129,26.94807998900337],[95.20214046140461,26.846062272094233],[95.19688080880809,26.83485469192675],[95.23808142081421,26.78398952039741],[95.2290231302313,26.775943052584857],[95.22785431854318,26.773931435631717],[95.22697770977709,26.710134440832203],[95.2339905799058,26.68197180348827],[95.06188305883059,26.448911610774722],[95.146037500375,26.004919011832143],[95.04113665136651,25.741971938671973],[94.6820192601926,25.45689707902729],[94.57185875858758,25.605756733559495],[94.46987993879938,25.614090575222495],[94.466081300813,25.612078958269358],[94.39390717907179,25.533913270947426],[94.08592529925299,25.531039532442943],[94.0730683706837,25.556041057431944],[94.03011454114541,25.5801804608696],[93.6099267392674,25.20400809063281],[93.47113035130351,25.305163685990603]]]}},{"type":"Feature","id":"relation/2029046","properties":{"hasc":"IN.MZ","fips":"IN31","name":"Mizoram","iso3166-2":"IN-MZ","hc-group":"admin1","hc-key":"in-mz","hc-a2":"MI","hc-middle-lon":92.849,"hc-middle-lat":23.232},"geometry":{"type":"Polygon","coordinates":[[[92.26608550085501,23.72776862088004],[92.32014304143041,23.86398382599252],[92.3180976209762,23.864845947543866],[92.3210196501965,23.88898535098152],[92.3218962589626,23.89387070643914],[92.3300779407794,23.921171222231727],[92.31313017130171,23.93898840095952],[92.3140067800678,23.941000017912657],[92.31196135961359,23.953069719631486],[92.32394167941679,24.012268732823827],[92.3210196501965,24.017154088281448],[92.32014304143041,24.02893641614983],[92.3218962589626,24.076065727623345],[92.32890912909129,24.189003650849514],[92.2970590105901,24.251938524097685],[92.45104995049951,24.144748077880482],[92.4750105901059,24.143023834777793],[92.6170212102121,24.27981378759117],[92.6219886598866,24.32579360366289],[92.63893642936429,24.334127445325894],[92.8019856598566,24.428098694422477],[92.79994023940239,24.419764852759478],[92.79906363063631,24.419764852759478],[92.79994023940239,24.419764852759478],[92.79906363063631,24.419764852759478],[92.79994023940239,24.41890273120813],[92.79994023940239,24.419764852759478],[92.79994023940239,24.41890273120813],[92.80812192121921,24.41602899270365],[92.8089985299853,24.41401737575051],[92.8180568205682,24.409994141844237],[92.8180568205682,24.408844646442443],[92.8180568205682,24.4079825248911],[92.8180568205682,24.408844646442443],[92.8180568205682,24.4079825248911],[93.0071121111211,24.409994141844237],[93.005943299433,24.409994141844237],[93.0071121111211,24.409994141844237],[93.005943299433,24.409994141844237],[93.00886532865329,24.412005758797374],[92.97409318093182,24.111987458929377],[93.1190258302583,24.059110670446895],[93.3250288902889,24.04876521183076],[93.4369426094261,23.686961534116385],[93.33291836918369,23.048991586121222],[93.13509699096991,23.047842090719428],[93.0930197701977,22.713913676498535],[93.1570122101221,22.187157408626856],[93.005943299433,22.004100265891307],[92.6050408904089,22.12307303997689],[92.505984099841,22.739202575337984],[92.37390837908379,22.971975394201085],[92.40195985959859,23.23722145816484],[92.26608550085501,23.72776862088004]]]}},{"type":"Feature","id":"relation/3250963","properties":{"hasc":"IN.TG","fips":"IN40","name":"Telangana","iso3166-2":"IN-TS","hc-group":"admin1","hc-key":"in-ts","hc-a2":"TE","hc-middle-lon":79.28,"hc-middle-lat":17.877},"geometry":{"type":"Polygon","coordinates":[[[77.5130521705217,15.9281549458635],[77.4899681396814,16.120120677962944],[77.596037800378,16.316971765520012],[77.28688710887108,16.40893139766346],[77.4478909189092,16.679062817084834],[77.42889772897729,16.732801727118662],[77.466007500075,16.91384725290107],[77.4478909189092,17.308124175716102],[77.47506579065791,17.36301258115172],[77.65389397893979,17.523079815851407],[77.61210896108962,17.5408969945792],[77.49493558935589,17.561875285661923],[77.46308547085471,17.70096422927889],[77.5329219692197,17.729126866622817],[77.546071100711,17.7320006051273],[77.5828886688867,17.87683702575323],[77.58405748057481,17.87683702575323],[77.5828886688867,17.87683702575323],[77.58405748057481,17.87683702575323],[77.5828886688867,17.87683702575323],[77.58405748057481,17.87683702575323],[77.596037800378,18.155877034538502],[77.54986973869738,18.291804865800533],[77.56097344973449,18.46997665307846],[77.56097344973449,18.470838774629808],[77.56097344973449,18.46997665307846],[77.56097344973449,18.470838774629808],[77.60509609096091,18.549866583503082],[77.935869798698,18.85304599572601],[77.7620090600906,19.036965260012902],[77.86690990909909,19.234103721420418],[77.86690990909909,19.23496584297176],[77.86690990909909,19.234103721420418],[77.86690990909909,19.23496584297176],[77.86807872078721,19.241000693831175],[78.17489178891789,19.238126955326692],[78.42209546095461,19.818047385531305],[78.8411144511445,19.76200948469389],[78.9398790387904,19.551939200016204],[79.17890102901029,19.461991184825894],[79.24902973029731,19.616885690217515],[79.4719805598056,19.501936150038205],[79.74489808898089,19.608839222404963],[79.88106465064651,19.50308564544],[79.98012144121441,19.388998226812035],[79.85710401104011,19.093003160850316],[80.0520033600336,18.725164632276527],[80.27290876908769,18.724015136874733],[80.7340049800498,18.41595036919419],[80.86111325113251,18.148980062127745],[81.08610950109501,17.798096590730403],[80.89413218132181,17.6819975551493],[80.8999762397624,17.6819975551493],[80.8570224102241,17.601820250874233],[81.3140277802778,17.4081302756721],[81.17114055140551,17.230820609945514],[80.9189694296943,17.219900403628483],[80.85614580145801,17.046039224107275],[80.5800140401404,17.152942296474034],[80.36290726907269,16.977069499999693],[80.0549253892539,16.97074727528983],[79.9649268892689,16.64486532888149],[79.78814412144122,16.72992798861418],[79.22185485854858,16.51497234847887],[79.2230236702367,16.23880607819808],[79.0079623196232,16.239955573599875],[78.7829660696607,16.020976699558293],[78.4069009090091,16.075002983442566],[78.17606060060601,15.858035726354121],[77.5130521705217,15.9281549458635]]]}},{"type":"Feature","id":"relation/5515045","properties":{"hasc":"IN.LA","fips":"IN41","name":"Ladakh","iso3166-2":"IN-LA","hc-group":"admin1","hc-key":"in-la","hc-a2":"LD","hc-middle-lon":77.394,"hc-middle-lat":34.005},"geometry":{"type":"Polygon","coordinates":[[[76.7720255602556,33.25018852933396],[76.2840466804668,33.6599836400732],[76.0239860798608,33.98212972642571],[75.83989823898239,33.95281759367999],[75.405976899769,34.2838722693964],[75.365945099451,34.53791075319267],[75.7849640896409,34.51377134975501],[76.4880043200432,34.79625984474566],[76.64199525995261,34.73389971919839],[76.7918953589536,34.95402808864176],[77.11711721117211,35.05288469319597],[76.7468961089611,35.63711573115731],[77.3809764497645,35.473025262551346],[78.136028800288,35.49314143208272],[78.00307647076471,35.238815574436],[78.235962199622,34.88074775677745],[78.2879743197432,34.61808805746774],[78.7099153391534,34.52612842532429],[79.04010464104641,34.33387531937439],[78.65585779857798,34.032132776403714],[78.83410158101582,33.42922243816324],[79.16487528875288,33.17001122505889],[79.15990783907839,33.015116719667276],[79.46087684876849,32.70992569049121],[79.41792301923019,32.52715592160611],[78.9720213602136,32.3372018064598],[78.74907053070531,32.689809520959834],[78.3949205892059,32.53089178166194],[78.38790771907719,32.75504338501159],[78.01593339933399,32.6199776753009],[77.7310355503555,32.97402225905317],[77.37191815918159,32.82286361371738],[76.9280619206192,33.03293389839507],[76.7720255602556,33.25018852933396]]]}},{"type":"Feature","id":"relation/9987086","properties":{"hasc":"IN.UT","fips":"IN39","name":"Uttarakhand","iso3166-2":"IN-UK","hc-group":"admin1","hc-key":"in-uk","hc-a2":"UT","hc-middle-lon":79.225,"hc-middle-lat":30.091},"geometry":{"type":"Polygon","coordinates":[[[77.5749991899919,30.39800306363487],[77.8189886298863,30.508067248356557],[77.70386067860679,30.764979470657313],[77.79911883118831,31.032811899275103],[78.3169024090241,31.281102906062408],[78.8130629706297,31.19805186328286],[78.8828994689947,31.28598826152003],[79.14208346083461,31.43197417754775],[79.31097674976749,31.150060430257998],[79.5999654396544,30.938840650178516],[79.7519109591096,31.006086131183412],[80.2480715207152,30.717850159183797],[80.20803972039721,30.589106674182972],[80.6118641586416,30.44484500125794],[80.8789376293763,30.132182251970217],[80.4929375693757,29.795092725394397],[80.24485728857289,29.44708299250154],[80.31907683076831,29.30282131957651],[80.06486028860289,28.839862046504344],[79.42493588935889,28.866013066895135],[78.89604860048601,29.193044508705267],[78.87413338133382,29.230115735413094],[78.8379002190022,29.241898063281475],[78.82913413134132,29.236150586272508],[78.8080955209552,29.237012707823855],[78.92088584885849,29.43386379538092],[78.33209696096961,29.79595484694574],[77.9721029610296,29.57984971140864],[77.7140877808778,29.868947804959603],[77.94609690096901,30.23305047347756],[77.5749991899919,30.39800306363487]]]}},{"type":"Feature","id":"relation/11251493","properties":{"hasc":"IN.GA","fips":"IN33","name":"Goa","iso3166-2":"IN-GA","hc-group":"admin1","hc-key":"in-ga","hc-a2":"GO","hc-middle-lon":74.007,"hc-middle-lat":15.351},"geometry":{"type":"MultiPolygon","coordinates":[[[[73.67613560135601,15.726993250549711],[73.67613560135601,15.726993250549711],[73.69512879128791,15.72383213819478],[73.67613560135601,15.726993250549711]]],[[[74.08492748927489,14.899931308959586],[74.0130455704557,15.010282867531721],[73.70009624096241,15.722970016643433],[74.11794641946419,15.651988675582711],[74.2500221402214,15.658023526442125],[74.29911223112231,15.041031869529686],[74.08492748927489,14.899931308959586]]]]}}]}